District,Month,Disease_Type,Number_of_Cases,PM2_5,PM10,AQI,Temperature,Humidity,Precipitation,Weakness,Hoarseness,Weight_loss,Chest_tightness,Chest_pain,Night_sweats,Fever,Trouble_in_sleeping,Fatigue,Loss_of_appetite,Shortness_of_breath,Sweating_and_chills,Bleeding_cough,Difficulty_breathing,Wheezing,Cough,Eye_Change,Chronic_cough
Kathmandu,1,COPD,232,76,52,157,16,62,4,0,0,0,1,0,0,0,0,1,0,1,0,0,0,1,0,0,1
Kathmandu,2,COPD,225,74,91,106,28,40,0,0,0,0,1,0,0,0,0,1,0,1,0,0,0,1,0,0,1
Kathmandu,3,Asthma,165,69,57,77,28,50,4,0,0,0,1,0,0,0,1,0,0,1,0,0,0,1,1,0,0
Kathmandu,4,COPD,283,66,92,194,19,63,5,0,0,0,1,0,0,0,0,1,0,1,0,0,0,1,0,0,1
Kathmandu,5,COPD,249,73,89,166,21,58,7,0,0,0,1,0,0,0,0,1,0,1,0,0,0,1,0,0,1
Kathmandu,6,Asthma,125,42,88,135,19,44,14,0,0,0,1,0,0,0,1,0,0,1,0,0,0,1,1,0,0
Kathmandu,7,COPD,286,71,52,158,16,43,7,0,0,0,1,0,0,0,0,1,0,1,0,0,0,1,0,0,1
Kathmandu,8,Pneumonia,125,33,92,58,29,65,3,0,0,0,0,1,0,1,0,0,0,0,1,0,1,0,1,0,0
Kathmandu,9,Pneumonia,95,36,74,64,28,56,9,0,0,0,0,1,0,1,0,0,0,0,1,0,1,0,1,0,0
Kathmandu,10,COPD,274,71,97,196,16,67,9,0,0,0,1,0,0,0,0,1,0,1,0,0,0,1,0,0,1
Kathmandu,11,Pneumonia,132,35,88,79,29,78,7,0,0,0,0,1,0,1,0,0,0,0,1,0,1,0,1,0,0
Kathmandu,12,Asthma,250,51,88,117,19,63,6,0,0,0,1,0,0,0,1,0,0,1,0,0,0,1,1,0,0
Pokhara,1,Asthma,136,60,68,77,30,72,1,0,0,0,1,0,0,0,1,0,0,1,0,0,0,1,1,0,0
Pokhara,2,Pneumonia,118,43,73,67,15,69,8,0,0,0,0,1,0,1,0,0,0,0,1,0,1,0,1,0,0
Pokhara,3,COPD,232,42,87,165,21,50,4,0,0,0,1,0,0,0,0,1,0,1,0,0,0,1,0,0,1
Pokhara,4,COPD,273,55,75,160,24,55,6,0,0,0,1,0,0,0,0,1,0,1,0,0,0,1,0,0,1
Pokhara,5,Pneumonia,105,36,67,50,30,43,8,0,0,0,0,1,0,1,0,0,0,0,1,0,1,0,1,0,0
Pokhara,6,COPD,199,75,95,162,20,62,10,0,0,0,1,0,0,0,0,1,0,1,0,0,0,1,0,0,1
Pokhara,7,COPD,155,51,57,172,28,45,15,0,0,0,1,0,0,0,0,1,0,1,0,0,0,1,0,0,1
Pokhara,8,COPD,212,58,54,155,29,43,11,0,0,0,1,0,0,0,0,1,0,1,0,0,0,1,0,0,1
Pokhara,9,COPD,296,64,57,162,22,56,15,0,0,0,1,0,0,0,0,1,0,1,0,0,0,1,0,0,1
Pokhara,10,Pneumonia,140,32,79,93,29,58,12,0,0,0,0,1,0,1,0,0,0,0,1,0,1,0,1,0,0
Pokhara,11,Asthma,151,53,76,69,17,48,8,0,0,0,1,0,0,0,1,0,0,1,0,0,0,1,1,0,0
Pokhara,12,Asthma,122,55,79,121,19,58,0,0,0,0,1,0,0,0,1,0,0,1,0,0,0,1,1,0,0
Lalitpur,1,Pneumonia,102,30,66,74,28,49,15,0,0,0,0,1,0,1,0,0,0,0,1,0,1,0,1,0,0
Lalitpur,2,Asthma,200,55,54,127,21,65,12,0,0,0,1,0,0,0,1,0,0,1,0,0,0,1,1,0,0
Lalitpur,3,COPD,208,40,79,178,26,72,10,0,0,0,1,0,0,0,0,1,0,1,0,0,0,1,0,0,1
Lalitpur,4,Asthma,212,39,60,146,20,46,15,0,0,0,1,0,0,0,1,0,0,1,0,0,0,1,1,0,0
Lalitpur,5,COPD,280,46,86,173,17,47,10,0,0,0,1,0,0,0,0,1,0,1,0,0,0,1,0,0,1
Lalitpur,6,Pneumonia,63,44,66,95,15,79,7,0,0,0,0,1,0,1,0,0,0,0,1,0,1,0,1,0,0
Lalitpur,7,COPD,220,69,100,179,30,73,14,0,0,0,1,0,0,0,0,1,0,1,0,0,0,1,0,0,1
Lalitpur,8,COPD,193,79,82,194,21,52,1,0,0,0,1,0,0,0,0,1,0,1,0,0,0,1,0,0,1
Lalitpur,9,COPD,251,60,72,177,30,80,9,0,0,0,1,0,0,0,0,1,0,1,0,0,0,1,0,0,1
Lalitpur,10,Asthma,146,67,80,73,18,67,3,0,0,0,1,0,0,0,1,0,0,1,0,0,0,1,1,0,0
Lalitpur,11,Pneumonia,123,48,81,78,25,61,8,0,0,0,0,1,0,1,0,0,0,0,1,0,1,0,1,0,0
Lalitpur,12,Asthma,107,59,100,69,29,48,5,0,0,0,1,0,0,0,1,0,0,1,0,0,0,1,1,0,0
Bhaktapur,1,Asthma,168,61,82,120,28,54,15,0,0,0,1,0,0,0,1,0,0,1,0,0,0,1,1,0,0
Bhaktapur,2,Asthma,209,66,64,126,30,41,8,0,0,0,1,0,0,0,1,0,0,1,0,0,0,1,1,0,0
Bhaktapur,3,Asthma,181,58,82,70,29,70,6,0,0,0,1,0,0,0,1,0,0,1,0,0,0,1,1,0,0
Bhaktapur,4,COPD,205,35,62,167,19,63,14,0,0,0,1,0,0,0,0,1,0,1,0,0,0,1,0,0,1
Bhaktapur,5,Asthma,158,39,71,136,26,73,6,0,0,0,1,0,0,0,1,0,0,1,0,0,0,1,1,0,0
Bhaktapur,6,COPD,70,32,57,98,19,55,12,0,0,0,1,0,0,0,0,1,0,1,0,0,0,1,0,0,1
Bhaktapur,7,COPD,293,62,53,181,26,67,7,0,0,0,1,0,0,0,0,1,0,1,0,0,0,1,0,0,1
Bhaktapur,8,Asthma,63,33,63,68,23,46,8,0,0,0,1,0,0,0,1,0,0,1,0,0,0,1,1,0,0
Bhaktapur,9,COPD,289,76,54,200,23,77,5,0,0,0,1,0,0,0,0,1,0,1,0,0,0,1,0,0,1
Bhaktapur,10,COPD,286,37,75,173,19,71,10,0,0,0,1,0,0,0,0,1,0,1,0,0,0,1,0,0,1
Bhaktapur,11,Tuberculosis,75,31,50,74,21,54,2,1,0,1,0,0,1,0,0,0,1,0,0,1,0,0,0,0,0
Bhaktapur,12,COPD,295,38,55,179,16,41,9,0,0,0,1,0,0,0,0,1,0,1,0,0,0,1,0,0,1
Chitwan,1,COPD,250,72,97,109,20,63,12,0,0,0,1,0,0,0,0,1,0,1,0,0,0,1,0,0,1
Chitwan,2,Asthma,212,63,71,131,18,43,13,0,0,0,1,0,0,0,1,0,0,1,0,0,0,1,1,0,0
Chitwan,3,Asthma,203,32,80,129,21,58,6,0,0,0,1,0,0,0,1,0,0,1,0,0,0,1,1,0,0
Chitwan,4,Asthma,149,58,75,96,23,49,13,0,0,0,1,0,0,0,1,0,0,1,0,0,0,1,1,0,0
Chitwan,5,COPD,193,45,69,183,20,57,5,0,0,0,1,0,0,0,0,1,0,1,0,0,0,1,0,0,1
Chitwan,6,Pneumonia,63,41,73,91,17,61,8,0,0,0,0,1,0,1,0,0,0,0,1,0,1,0,1,0,0
Chitwan,7,Asthma,119,55,67,91,25,56,6,0,0,0,1,0,0,0,1,0,0,1,0,0,0,1,1,0,0
Chitwan,8,COPD,252,65,62,165,16,45,15,0,0,0,1,0,0,0,0,1,0,1,0,0,0,1,0,0,1
Chitwan,9,COPD,233,64,60,167,21,40,2,0,0,0,1,0,0,0,0,1,0,1,0,0,0,1,0,0,1
Chitwan,10,COPD,287,54,76,160,29,79,13,0,0,0,1,0,0,0,0,1,0,1,0,0,0,1,0,0,1
Chitwan,11,Asthma,117,35,96,138,25,41,2,0,0,0,1,0,0,0,1,0,0,1,0,0,0,1,1,0,0
Chitwan,12,Asthma,239,52,81,147,21,52,1,0,0,0,1,0,0,0,1,0,0,1,0,0,0,1,1,0,0
Sunsari,1,COPD,264,75,80,78,22,45,2,0,0,0,1,0,0,0,0,1,0,1,0,0,0,1,0,0,1
Sunsari,2,Asthma,102,60,69,82,28,67,7,0,0,0,1,0,0,0,1,0,0,1,0,0,0,1,1,0,0
Sunsari,3,Asthma,110,70,60,150,16,58,13,0,0,0,1,0,0,0,1,0,0,1,0,0,0,1,1,0,0
Sunsari,4,Asthma,127,35,60,103,18,67,10,0,0,0,1,0,0,0,1,0,0,1,0,0,0,1,1,0,0
Sunsari,5,COPD,177,71,72,53,19,57,2,0,0,0,1,0,0,0,0,1,0,1,0,0,0,1,0,0,1
Sunsari,6,Asthma,222,55,69,110,26,68,13,0,0,0,1,0,0,0,1,0,0,1,0,0,0,1,1,0,0
Sunsari,7,COPD,56,33,100,56,20,50,6,0,0,0,1,0,0,0,0,1,0,1,0,0,0,1,0,0,1
Sunsari,8,COPD,259,54,95,166,19,42,8,0,0,0,1,0,0,0,0,1,0,1,0,0,0,1,0,0,1
Sunsari,9,Pneumonia,111,44,63,100,16,79,5,0,0,0,0,1,0,1,0,0,0,0,1,0,1,0,1,0,0
Sunsari,10,COPD,173,72,100,66,22,52,15,0,0,0,1,0,0,0,0,1,0,1,0,0,0,1,0,0,1
Sunsari,11,COPD,233,73,87,156,22,54,8,0,0,0,1,0,0,0,0,1,0,1,0,0,0,1,0,0,1
Sunsari,12,COPD,265,43,97,196,19,51,11,0,0,0,1,0,0,0,0,1,0,1,0,0,0,1,0,0,1
Morang,1,COPD,286,53,56,182,24,45,1,0,0,0,1,0,0,0,0,1,0,1,0,0,0,1,0,0,1
Morang,2,Asthma,181,66,50,130,28,77,6,0,0,0,1,0,0,0,1,0,0,1,0,0,0,1,1,0,0
Morang,3,COPD,165,80,82,199,23,41,0,0,0,0,1,0,0,0,0,1,0,1,0,0,0,1,0,0,1
Morang,4,Asthma,236,51,50,79,20,47,8,0,0,0,1,0,0,0,1,0,0,1,0,0,0,1,1,0,0
Morang,5,COPD,230,62,72,185,19,61,1,0,0,0,1,0,0,0,0,1,0,1,0,0,0,1,0,0,1
Morang,6,COPD,248,50,94,193,21,53,1,0,0,0,1,0,0,0,0,1,0,1,0,0,0,1,0,0,1
Morang,7,Asthma,221,36,82,132,22,46,9,0,0,0,1,0,0,0,1,0,0,1,0,0,0,1,1,0,0
Morang,8,COPD,188,61,58,188,25,62,1,0,0,0,1,0,0,0,0,1,0,1,0,0,0,1,0,0,1
Morang,9,COPD,224,37,74,188,25,41,2,0,0,0,1,0,0,0,0,1,0,1,0,0,0,1,0,0,1
Morang,10,COPD,294,80,72,65,18,68,12,0,0,0,1,0,0,0,0,1,0,1,0,0,0,1,0,0,1
Morang,11,Asthma,229,40,85,116,30,54,1,0,0,0,1,0,0,0,1,0,0,1,0,0,0,1,1,0,0
Morang,12,Asthma,206,68,88,97,25,47,9,0,0,0,1,0,0,0,1,0,0,1,0,0,0,1,1,0,0
Nawalparasi,1,COPD,242,63,78,173,29,67,9,0,0,0,1,0,0,0,0,1,0,1,0,0,0,1,0,0,1
Nawalparasi,2,COPD,261,60,58,180,21,64,5,0,0,0,1,0,0,0,0,1,0,1,0,0,0,1,0,0,1
Nawalparasi,3,Asthma,181,62,97,55,25,44,3,0,0,0,1,0,0,0,1,0,0,1,0,0,0,1,1,0,0
Nawalparasi,4,Pneumonia,132,35,68,84,18,71,7,0,0,0,0,1,0,1,0,0,0,0,1,0,1,0,1,0,0
Nawalparasi,5,Asthma,216,39,56,135,25,50,11,0,0,0,1,0,0,0,1,0,0,1,0,0,0,1,1,0,0
Nawalparasi,6,COPD,262,53,98,197,23,60,11,0,0,0,1,0,0,0,0,1,0,1,0,0,0,1,0,0,1
Nawalparasi,7,COPD,183,76,84,184,20,76,7,0,0,0,1,0,0,0,0,1,0,1,0,0,0,1,0,0,1
Nawalparasi,8,COPD,159,72,67,133,25,67,8,0,0,0,1,0,0,0,0,1,0,1,0,0,0,1,0,0,1
Nawalparasi,9,COPD,157,63,64,170,28,64,0,0,0,0,1,0,0,0,0,1,0,1,0,0,0,1,0,0,1
Nawalparasi,10,Asthma,197,67,100,149,22,45,5,0,0,0,1,0,0,0,1,0,0,1,0,0,0,1,1,0,0
Nawalparasi,11,Pneumonia,90,37,69,82,20,65,5,0,0,0,0,1,0,1,0,0,0,0,1,0,1,0,1,0,0
Nawalparasi,12,COPD,172,72,91,74,18,51,0,0,0,0,1,0,0,0,0,1,0,1,0,0,0,1,0,0,1
Kaski,1,COPD,163,65,62,184,25,79,7,0,0,0,1,0,0,0,0,1,0,1,0,0,0,1,0,0,1
Kaski,2,COPD,246,76,70,121,29,58,10,0,0,0,1,0,0,0,0,1,0,1,0,0,0,1,0,0,1
Kaski,3,Asthma,102,44,93,134,29,46,15,0,0,0,1,0,0,0,1,0,0,1,0,0,0,1,1,0,0
Kaski,4,Pneumonia,64,30,69,51,25,62,3,0,0,0,0,1,0,1,0,0,0,0,1,0,1,0,1,0,0
Kaski,5,COPD,162,62,62,187,30,50,13,0,0,0,1,0,0,0,0,1,0,1,0,0,0,1,0,0,1
Kaski,6,Pneumonia,53,44,68,55,26,67,12,0,0,0,0,1,0,1,0,0,0,0,1,0,1,0,1,0,0
Kaski,7,COPD,176,49,62,178,26,64,12,0,0,0,1,0,0,0,0,1,0,1,0,0,0,1,0,0,1
Kaski,8,Asthma,192,69,96,79,24,68,0,0,0,0,1,0,0,0,1,0,0,1,0,0,0,1,1,0,0
Kaski,9,Asthma,218,62,95,78,27,56,13,0,0,0,1,0,0,0,1,0,0,1,0,0,0,1,1,0,0
Kaski,10,COPD,218,45,65,200,16,68,15,0,0,0,1,0,0,0,0,1,0,1,0,0,0,1,0,0,1
Kaski,11,Pneumonia,132,48,59,81,24,71,11,0,0,0,0,1,0,1,0,0,0,0,1,0,1,0,1,0,0
Kaski,12,COPD,253,39,99,168,29,76,12,0,0,0,1,0,0,0,0,1,0,1,0,0,0,1,0,0,1
Dang,1,COPD,295,65,63,198,21,56,7,0,0,0,1,0,0,0,0,1,0,1,0,0,0,1,0,0,1
Dang,2,Lung Cancer,59,35,89,91,19,53,7,0,1,1,0,0,0,0,0,0,0,1,0,0,0,0,1,1,0
Dang,3,COPD,177,51,54,192,30,80,1,0,0,0,1,0,0,0,0,1,0,1,0,0,0,1,0,0,1
Dang,4,COPD,188,64,57,158,30,45,12,0,0,0,1,0,0,0,0,1,0,1,0,0,0,1,0,0,1
Dang,5,COPD,47,40,87,100,17,56,0,0,0,0,1,0,0,0,0,1,0,1,0,0,0,1,0,0,1
Dang,6,Pneumonia,133,30,97,69,26,56,10,0,0,0,0,1,0,1,0,0,0,0,1,0,1,0,1,0,0
Dang,7,COPD,180,79,86,165,29,78,14,0,0,0,1,0,0,0,0,1,0,1,0,0,0,1,0,0,1
Dang,8,Asthma,170,45,66,104,16,63,15,0,0,0,1,0,0,0,1,0,0,1,0,0,0,1,1,0,0
Dang,9,COPD,211,76,84,86,25,80,8,0,0,0,1,0,0,0,0,1,0,1,0,0,0,1,0,0,1
Dang,10,COPD,252,79,70,75,30,69,4,0,0,0,1,0,0,0,0,1,0,1,0,0,0,1,0,0,1
Dang,11,Asthma,239,66,62,56,20,54,1,0,0,0,1,0,0,0,1,0,0,1,0,0,0,1,1,0,0
Dang,12,Lung Cancer,79,32,69,80,22,42,3,0,1,1,0,0,0,0,0,0,0,1,0,0,0,0,1,1,0
Jajarkot,1,Asthma,180,53,75,150,27,47,14,0,0,0,1,0,0,0,1,0,0,1,0,0,0,1,1,0,0
Jajarkot,2,COPD,169,75,97,142,23,40,8,0,0,0,1,0,0,0,0,1,0,1,0,0,0,1,0,0,1
Jajarkot,3,Asthma,197,52,67,149,15,54,2,0,0,0,1,0,0,0,1,0,0,1,0,0,0,1,1,0,0
Jajarkot,4,COPD,209,76,53,53,28,74,13,0,0,0,1,0,0,0,0,1,0,1,0,0,0,1,0,0,1
Jajarkot,5,Asthma,204,33,84,132,27,77,2,0,0,0,1,0,0,0,1,0,0,1,0,0,0,1,1,0,0
Jajarkot,6,Asthma,190,31,92,110,29,54,3,0,0,0,1,0,0,0,1,0,0,1,0,0,0,1,1,0,0
Jajarkot,7,COPD,290,68,62,184,21,67,6,0,0,0,1,0,0,0,0,1,0,1,0,0,0,1,0,0,1
Jajarkot,8,COPD,219,61,89,153,30,41,9,0,0,0,1,0,0,0,0,1,0,1,0,0,0,1,0,0,1
Jajarkot,9,Asthma,179,60,58,92,29,54,10,0,0,0,1,0,0,0,1,0,0,1,0,0,0,1,1,0,0
Jajarkot,10,Asthma,132,58,77,58,22,65,6,0,0,0,1,0,0,0,1,0,0,1,0,0,0,1,1,0,0
Jajarkot,11,COPD,221,80,75,89,15,63,0,0,0,0,1,0,0,0,0,1,0,1,0,0,0,1,0,0,1
Jajarkot,12,COPD,277,60,61,184,16,70,3,0,0,0,1,0,0,0,0,1,0,1,0,0,0,1,0,0,1
Surkhet,1,Asthma,122,65,66,58,17,55,4,0,0,0,1,0,0,0,1,0,0,1,0,0,0,1,1,0,0
Surkhet,2,COPD,271,62,96,159,23,78,4,0,0,0,1,0,0,0,0,1,0,1,0,0,0,1,0,0,1
Surkhet,3,COPD,189,50,52,190,15,75,12,0,0,0,1,0,0,0,0,1,0,1,0,0,0,1,0,0,1
Surkhet,4,COPD,187,74,78,86,30,75,9,0,0,0,1,0,0,0,0,1,0,1,0,0,0,1,0,0,1
Surkhet,5,COPD,214,80,54,134,17,75,9,0,0,0,1,0,0,0,0,1,0,1,0,0,0,1,0,0,1
Surkhet,6,Asthma,159,59,68,78,18,78,1,0,0,0,1,0,0,0,1,0,0,1,0,0,0,1,1,0,0
Surkhet,7,Asthma,185,50,89,120,26,61,5,0,0,0,1,0,0,0,1,0,0,1,0,0,0,1,1,0,0
Surkhet,8,Asthma,121,66,54,141,18,62,4,0,0,0,1,0,0,0,1,0,0,1,0,0,0,1,1,0,0
Surkhet,9,Asthma,163,46,77,132,24,59,1,0,0,0,1,0,0,0,1,0,0,1,0,0,0,1,1,0,0
Surkhet,10,Asthma,221,53,87,118,26,72,13,0,0,0,1,0,0,0,1,0,0,1,0,0,0,1,1,0,0
Surkhet,11,Asthma,130,65,72,130,20,45,13,0,0,0,1,0,0,0,1,0,0,1,0,0,0,1,1,0,0
Surkhet,12,COPD,178,74,60,140,28,57,8,0,0,0,1,0,0,0,0,1,0,1,0,0,0,1,0,0,1
Terhathum,1,COPD,158,75,85,98,23,61,4,0,0,0,1,0,0,0,0,1,0,1,0,0,0,1,0,0,1
Terhathum,2,Asthma,148,63,70,121,18,75,14,0,0,0,1,0,0,0,1,0,0,1,0,0,0,1,1,0,0
Terhathum,3,Asthma,128,57,100,93,20,57,11,0,0,0,1,0,0,0,1,0,0,1,0,0,0,1,1,0,0
Terhathum,4,COPD,202,47,87,193,25,47,7,0,0,0,1,0,0,0,0,1,0,1,0,0,0,1,0,0,1
Terhathum,5,COPD,186,31,67,180,29,76,1,0,0,0,1,0,0,0,0,1,0,1,0,0,0,1,0,0,1
Terhathum,6,Asthma,239,57,50,51,17,55,1,0,0,0,1,0,0,0,1,0,0,1,0,0,0,1,1,0,0
Terhathum,7,COPD,299,80,61,125,16,50,10,0,0,0,1,0,0,0,0,1,0,1,0,0,0,1,0,0,1
Terhathum,8,Pneumonia,57,40,95,62,28,71,13,0,0,0,0,1,0,1,0,0,0,0,1,0,1,0,1,0,0
Terhathum,9,COPD,245,79,62,164,17,51,14,0,0,0,1,0,0,0,0,1,0,1,0,0,0,1,0,0,1
Terhathum,10,Asthma,234,37,97,101,19,74,15,0,0,0,1,0,0,0,1,0,0,1,0,0,0,1,1,0,0
Terhathum,11,Pneumonia,79,43,90,60,29,70,3,0,0,0,0,1,0,1,0,0,0,0,1,0,1,0,1,0,0
Terhathum,12,Asthma,248,34,55,131,19,68,3,0,0,0,1,0,0,0,1,0,0,1,0,0,0,1,1,0,0
Dolakha,1,Asthma,51,46,80,100,16,54,12,0,0,0,1,0,0,0,1,0,0,1,0,0,0,1,1,0,0
Dolakha,2,COPD,229,72,93,191,25,46,6,0,0,0,1,0,0,0,0,1,0,1,0,0,0,1,0,0,1
Dolakha,3,Asthma,229,48,84,144,23,73,13,0,0,0,1,0,0,0,1,0,0,1,0,0,0,1,1,0,0
Dolakha,4,Asthma,204,53,79,60,30,56,15,0,0,0,1,0,0,0,1,0,0,1,0,0,0,1,1,0,0
Dolakha,5,COPD,287,41,83,162,22,79,14,0,0,0,1,0,0,0,0,1,0,1,0,0,0,1,0,0,1
Dolakha,6,COPD,276,38,64,164,22,66,15,0,0,0,1,0,0,0,0,1,0,1,0,0,0,1,0,0,1
Dolakha,7,Asthma,232,54,93,135,27,55,9,0,0,0,1,0,0,0,1,0,0,1,0,0,0,1,1,0,0
Dolakha,8,Asthma,219,58,80,109,26,60,10,0,0,0,1,0,0,0,1,0,0,1,0,0,0,1,1,0,0
Dolakha,9,COPD,264,43,74,159,26,64,12,0,0,0,1,0,0,0,0,1,0,1,0,0,0,1,0,0,1
Dolakha,10,Asthma,159,54,88,77,17,80,3,0,0,0,1,0,0,0,1,0,0,1,0,0,0,1,1,0,0
Dolakha,11,COPD,211,78,85,176,16,66,1,0,0,0,1,0,0,0,0,1,0,1,0,0,0,1,0,0,1
Dolakha,12,COPD,192,74,85,84,20,66,0,0,0,0,1,0,0,0,0,1,0,1,0,0,0,1,0,0,1
Makawanpur,1,Asthma,153,41,98,142,24,62,0,0,0,0,1,0,0,0,1,0,0,1,0,0,0,1,1,0,0
Makawanpur,2,COPD,182,73,53,55,21,76,3,0,0,0,1,0,0,0,0,1,0,1,0,0,0,1,0,0,1
Makawanpur,3,COPD,298,71,68,68,15,60,9,0,0,0,1,0,0,0,0,1,0,1,0,0,0,1,0,0,1
Makawanpur,4,COPD,168,49,56,158,29,73,14,0,0,0,1,0,0,0,0,1,0,1,0,0,0,1,0,0,1
Makawanpur,5,Asthma,201,31,73,134,22,56,1,0,0,0,1,0,0,0,1,0,0,1,0,0,0,1,1,0,0
Makawanpur,6,Asthma,241,52,54,145,19,70,12,0,0,0,1,0,0,0,1,0,0,1,0,0,0,1,1,0,0
Makawanpur,7,Asthma,171,49,82,107,21,80,14,0,0,0,1,0,0,0,1,0,0,1,0,0,0,1,1,0,0
Makawanpur,8,Asthma,227,68,91,89,16,42,5,0,0,0,1,0,0,0,1,0,0,1,0,0,0,1,1,0,0
Makawanpur,9,COPD,201,75,58,132,28,67,9,0,0,0,1,0,0,0,0,1,0,1,0,0,0,1,0,0,1
Makawanpur,10,Pneumonia,68,30,90,88,19,80,1,0,0,0,0,1,0,1,0,0,0,0,1,0,1,0,1,0,0
Makawanpur,11,Pneumonia,134,36,94,50,19,71,1,0,0,0,0,1,0,1,0,0,0,0,1,0,1,0,1,0,0
Makawanpur,12,COPD,187,51,100,168,26,64,9,0,0,0,1,0,0,0,0,1,0,1,0,0,0,1,0,0,1
Rupandehi,1,Asthma,188,65,63,55,23,53,14,0,0,0,1,0,0,0,1,0,0,1,0,0,0,1,1,0,0
Rupandehi,2,Pneumonia,56,40,50,95,27,55,13,0,0,0,0,1,0,1,0,0,0,0,1,0,1,0,1,0,0
Rupandehi,3,COPD,249,34,57,176,19,42,4,0,0,0,1,0,0,0,0,1,0,1,0,0,0,1,0,0,1
Rupandehi,4,Asthma,138,56,69,150,22,69,4,0,0,0,1,0,0,0,1,0,0,1,0,0,0,1,1,0,0
Rupandehi,5,Asthma,216,53,74,88,30,51,3,0,0,0,1,0,0,0,1,0,0,1,0,0,0,1,1,0,0
Rupandehi,6,Asthma,173,53,85,109,27,57,13,0,0,0,1,0,0,0,1,0,0,1,0,0,0,1,1,0,0
Rupandehi,7,Asthma,170,70,75,79,18,54,10,0,0,0,1,0,0,0,1,0,0,1,0,0,0,1,1,0,0
Rupandehi,8,Pneumonia,59,37,100,91,21,78,13,0,0,0,0,1,0,1,0,0,0,0,1,0,1,0,1,0,0
Rupandehi,9,COPD,293,32,66,193,21,44,1,0,0,0,1,0,0,0,0,1,0,1,0,0,0,1,0,0,1
Rupandehi,10,COPD,223,39,84,159,23,61,1,0,0,0,1,0,0,0,0,1,0,1,0,0,0,1,0,0,1
Rupandehi,11,Asthma,136,43,54,139,18,54,5,0,0,0,1,0,0,0,1,0,0,1,0,0,0,1,1,0,0
Rupandehi,12,Asthma,105,36,58,137,20,51,9,0,0,0,1,0,0,0,1,0,0,1,0,0,0,1,1,0,0
Syangja,1,Asthma,202,49,91,142,27,74,7,0,0,0,1,0,0,0,1,0,0,1,0,0,0,1,1,0,0
Syangja,2,COPD,279,61,82,188,27,72,14,0,0,0,1,0,0,0,0,1,0,1,0,0,0,1,0,0,1
Syangja,3,COPD,196,51,58,177,29,50,11,0,0,0,1,0,0,0,0,1,0,1,0,0,0,1,0,0,1
Syangja,4,COPD,166,43,80,165,20,67,6,0,0,0,1,0,0,0,0,1,0,1,0,0,0,1,0,0,1
Syangja,5,COPD,75,34,66,79,16,58,3,0,0,0,1,0,0,0,0,1,0,1,0,0,0,1,0,0,1
Syangja,6,COPD,239,53,54,168,21,51,4,0,0,0,1,0,0,0,0,1,0,1,0,0,0,1,0,0,1
Syangja,7,Asthma,209,63,68,118,20,80,14,0,0,0,1,0,0,0,1,0,0,1,0,0,0,1,1,0,0
Syangja,8,COPD,169,72,56,74,25,48,8,0,0,0,1,0,0,0,0,1,0,1,0,0,0,1,0,0,1
Syangja,9,COPD,160,56,60,161,28,55,3,0,0,0,1,0,0,0,0,1,0,1,0,0,0,1,0,0,1
Syangja,10,Asthma,179,62,95,150,30,68,5,0,0,0,1,0,0,0,1,0,0,1,0,0,0,1,1,0,0
Syangja,11,Asthma,142,42,88,110,19,64,13,0,0,0,1,0,0,0,1,0,0,1,0,0,0,1,1,0,0
Syangja,12,COPD,236,64,50,158,20,70,5,0,0,0,1,0,0,0,0,1,0,1,0,0,0,1,0,0,1
Arghakhanchi,1,Asthma,216,36,93,141,16,75,5,0,0,0,1,0,0,0,1,0,0,1,0,0,0,1,1,0,0
Arghakhanchi,2,Asthma,40,50,70,53,21,48,12,0,0,0,1,0,0,0,1,0,0,1,0,0,0,1,1,0,0
Arghakhanchi,3,Asthma,169,70,52,138,15,74,10,0,0,0,1,0,0,0,1,0,0,1,0,0,0,1,1,0,0
Arghakhanchi,4,Asthma,39,30,66,91,22,46,14,0,0,0,1,0,0,0,1,0,0,1,0,0,0,1,1,0,0
Arghakhanchi,5,Asthma,170,51,81,111,18,40,3,0,0,0,1,0,0,0,1,0,0,1,0,0,0,1,1,0,0
Arghakhanchi,6,COPD,152,42,71,200,23,44,14,0,0,0,1,0,0,0,0,1,0,1,0,0,0,1,0,0,1
Arghakhanchi,7,COPD,214,76,98,139,15,80,15,0,0,0,1,0,0,0,0,1,0,1,0,0,0,1,0,0,1
Arghakhanchi,8,COPD,253,78,54,193,22,76,10,0,0,0,1,0,0,0,0,1,0,1,0,0,0,1,0,0,1
Arghakhanchi,9,COPD,192,44,64,171,25,79,14,0,0,0,1,0,0,0,0,1,0,1,0,0,0,1,0,0,1
Arghakhanchi,10,COPD,296,77,52,105,22,40,4,0,0,0,1,0,0,0,0,1,0,1,0,0,0,1,0,0,1
Arghakhanchi,11,COPD,240,73,86,168,16,78,15,0,0,0,1,0,0,0,0,1,0,1,0,0,0,1,0,0,1
Arghakhanchi,12,Asthma,136,37,94,126,30,41,10,0,0,0,1,0,0,0,1,0,0,1,0,0,0,1,1,0,0
Kapilvastu,1,COPD,175,42,98,166,18,76,6,0,0,0,1,0,0,0,0,1,0,1,0,0,0,1,0,0,1
Kapilvastu,2,COPD,170,33,82,189,29,53,15,0,0,0,1,0,0,0,0,1,0,1,0,0,0,1,0,0,1
Kapilvastu,3,COPD,163,58,52,172,15,78,13,0,0,0,1,0,0,0,0,1,0,1,0,0,0,1,0,0,1
Kapilvastu,4,COPD,258,51,90,187,28,75,13,0,0,0,1,0,0,0,0,1,0,1,0,0,0,1,0,0,1
Kapilvastu,5,COPD,248,65,66,163,25,61,11,0,0,0,1,0,0,0,0,1,0,1,0,0,0,1,0,0,1
Kapilvastu,6,COPD,296,60,78,171,24,43,7,0,0,0,1,0,0,0,0,1,0,1,0,0,0,1,0,0,1
Kapilvastu,7,Asthma,132,64,75,118,20,66,6,0,0,0,1,0,0,0,1,0,0,1,0,0,0,1,1,0,0
Kapilvastu,8,Pneumonia,146,32,99,69,21,61,6,0,0,0,0,1,0,1,0,0,0,0,1,0,1,0,1,0,0
Kapilvastu,9,COPD,172,55,73,165,27,46,8,0,0,0,1,0,0,0,0,1,0,1,0,0,0,1,0,0,1
Kapilvastu,10,COPD,229,80,56,173,22,80,12,0,0,0,1,0,0,0,0,1,0,1,0,0,0,1,0,0,1
Kapilvastu,11,COPD,285,69,55,171,24,80,5,0,0,0,1,0,0,0,0,1,0,1,0,0,0,1,0,0,1
Kapilvastu,12,Asthma,147,56,82,85,22,46,2,0,0,0,1,0,0,0,1,0,0,1,0,0,0,1,1,0,0
Palpa,1,Asthma,161,56,52,63,22,70,11,0,0,0,1,0,0,0,1,0,0,1,0,0,0,1,1,0,0
Palpa,2,COPD,291,72,65,87,28,73,6,0,0,0,1,0,0,0,0,1,0,1,0,0,0,1,0,0,1
Palpa,3,Pneumonia,147,36,64,61,27,50,9,0,0,0,0,1,0,1,0,0,0,0,1,0,1,0,1,0,0
Palpa,4,COPD,201,31,84,166,25,44,5,0,0,0,1,0,0,0,0,1,0,1,0,0,0,1,0,0,1
Palpa,5,Asthma,64,36,84,72,16,40,4,0,0,0,1,0,0,0,1,0,0,1,0,0,0,1,1,0,0
Palpa,6,Asthma,194,53,52,122,20,74,15,0,0,0,1,0,0,0,1,0,0,1,0,0,0,1,1,0,0
Palpa,7,COPD,172,34,87,198,19,46,7,0,0,0,1,0,0,0,0,1,0,1,0,0,0,1,0,0,1
Palpa,8,Asthma,102,69,70,89,20,63,7,0,0,0,1,0,0,0,1,0,0,1,0,0,0,1,1,0,0
Palpa,9,COPD,275,53,94,152,30,41,11,0,0,0,1,0,0,0,0,1,0,1,0,0,0,1,0,0,1
Palpa,10,Asthma,250,59,89,130,22,65,10,0,0,0,1,0,0,0,1,0,0,1,0,0,0,1,1,0,0
Palpa,11,COPD,173,47,64,170,27,57,2,0,0,0,1,0,0,0,0,1,0,1,0,0,0,1,0,0,1
Palpa,12,Asthma,185,56,93,121,21,79,3,0,0,0,1,0,0,0,1,0,0,1,0,0,0,1,1,0,0
Sindhuli,1,COPD,254,77,73,178,25,56,15,0,0,0,1,0,0,0,0,1,0,1,0,0,0,1,0,0,1
Sindhuli,2,COPD,232,32,88,183,28,71,2,0,0,0,1,0,0,0,0,1,0,1,0,0,0,1,0,0,1
Sindhuli,3,Asthma,110,48,53,104,27,55,12,0,0,0,1,0,0,0,1,0,0,1,0,0,0,1,1,0,0
Sindhuli,4,Asthma,127,38,67,102,21,70,5,0,0,0,1,0,0,0,1,0,0,1,0,0,0,1,1,0,0
Sindhuli,5,COPD,204,30,69,197,24,50,4,0,0,0,1,0,0,0,0,1,0,1,0,0,0,1,0,0,1
Sindhuli,6,COPD,172,74,83,88,17,42,4,0,0,0,1,0,0,0,0,1,0,1,0,0,0,1,0,0,1
Sindhuli,7,COPD,261,78,79,78,19,69,5,0,0,0,1,0,0,0,0,1,0,1,0,0,0,1,0,0,1
Sindhuli,8,Asthma,242,70,100,140,29,44,10,0,0,0,1,0,0,0,1,0,0,1,0,0,0,1,1,0,0
Sindhuli,9,COPD,201,51,76,194,22,68,5,0,0,0,1,0,0,0,0,1,0,1,0,0,0,1,0,0,1
Sindhuli,10,Asthma,242,60,72,142,28,45,13,0,0,0,1,0,0,0,1,0,0,1,0,0,0,1,1,0,0
Sindhuli,11,Asthma,188,69,69,144,24,57,3,0,0,0,1,0,0,0,1,0,0,1,0,0,0,1,1,0,0
Sindhuli,12,Asthma,103,51,90,68,15,52,2,0,0,0,1,0,0,0,1,0,0,1,0,0,0,1,1,0,0
Bara,1,Asthma,209,52,57,76,22,48,6,0,0,0,1,0,0,0,1,0,0,1,0,0,0,1,1,0,0
Bara,2,COPD,205,59,60,180,15,63,15,0,0,0,1,0,0,0,0,1,0,1,0,0,0,1,0,0,1
Bara,3,Asthma,188,34,95,131,17,49,2,0,0,0,1,0,0,0,1,0,0,1,0,0,0,1,1,0,0
Bara,4,COPD,267,71,96,72,26,47,7,0,0,0,1,0,0,0,0,1,0,1,0,0,0,1,0,0,1
Bara,5,COPD,200,75,86,176,22,76,13,0,0,0,1,0,0,0,0,1,0,1,0,0,0,1,0,0,1
Bara,6,Asthma,234,63,59,82,26,68,9,0,0,0,1,0,0,0,1,0,0,1,0,0,0,1,1,0,0
Bara,7,Asthma,147,51,92,90,28,61,3,0,0,0,1,0,0,0,1,0,0,1,0,0,0,1,1,0,0
Bara,8,Asthma,197,53,86,144,30,62,0,0,0,0,1,0,0,0,1,0,0,1,0,0,0,1,1,0,0
Bara,9,COPD,282,54,60,196,25,58,10,0,0,0,1,0,0,0,0,1,0,1,0,0,0,1,0,0,1
Bara,10,Asthma,212,37,57,102,23,45,0,0,0,0,1,0,0,0,1,0,0,1,0,0,0,1,1,0,0
Bara,11,Asthma,155,48,95,119,17,67,14,0,0,0,1,0,0,0,1,0,0,1,0,0,0,1,1,0,0
Bara,12,COPD,193,64,99,161,19,54,13,0,0,0,1,0,0,0,0,1,0,1,0,0,0,1,0,0,1
Parsa,1,COPD,287,46,85,199,24,74,9,0,0,0,1,0,0,0,0,1,0,1,0,0,0,1,0,0,1
Parsa,2,COPD,289,31,98,185,21,76,6,0,0,0,1,0,0,0,0,1,0,1,0,0,0,1,0,0,1
Parsa,3,COPD,172,60,56,185,30,62,11,0,0,0,1,0,0,0,0,1,0,1,0,0,0,1,0,0,1
Parsa,4,Asthma,238,66,56,150,30,56,11,0,0,0,1,0,0,0,1,0,0,1,0,0,0,1,1,0,0
Parsa,5,COPD,262,54,74,153,30,49,3,0,0,0,1,0,0,0,0,1,0,1,0,0,0,1,0,0,1
Parsa,6,COPD,182,72,78,152,20,54,5,0,0,0,1,0,0,0,0,1,0,1,0,0,0,1,0,0,1
Parsa,7,Asthma,123,55,94,76,27,62,10,0,0,0,1,0,0,0,1,0,0,1,0,0,0,1,1,0,0
Parsa,8,COPD,212,77,70,52,17,41,14,0,0,0,1,0,0,0,0,1,0,1,0,0,0,1,0,0,1
Parsa,9,Pneumonia,65,42,61,99,30,42,3,0,0,0,0,1,0,1,0,0,0,0,1,0,1,0,1,0,0
Parsa,10,COPD,192,42,76,189,23,60,13,0,0,0,1,0,0,0,0,1,0,1,0,0,0,1,0,0,1
Parsa,11,Asthma,122,67,76,126,26,77,8,0,0,0,1,0,0,0,1,0,0,1,0,0,0,1,1,0,0
Parsa,12,Asthma,115,64,92,108,26,64,2,0,0,0,1,0,0,0,1,0,0,1,0,0,0,1,1,0,0
Ramechhap,1,Asthma,238,51,53,90,28,61,12,0,0,0,1,0,0,0,1,0,0,1,0,0,0,1,1,0,0
Ramechhap,2,COPD,260,79,85,101,26,74,6,0,0,0,1,0,0,0,0,1,0,1,0,0,0,1,0,0,1
Ramechhap,3,Asthma,229,43,64,147,25,73,15,0,0,0,1,0,0,0,1,0,0,1,0,0,0,1,1,0,0
Ramechhap,4,Pneumonia,134,40,93,58,16,71,14,0,0,0,0,1,0,1,0,0,0,0,1,0,1,0,1,0,0
Ramechhap,5,Asthma,207,62,63,92,18,79,3,0,0,0,1,0,0,0,1,0,0,1,0,0,0,1,1,0,0
Ramechhap,6,COPD,252,77,61,88,18,62,1,0,0,0,1,0,0,0,0,1,0,1,0,0,0,1,0,0,1
Ramechhap,7,Asthma,240,59,82,113,22,57,13,0,0,0,1,0,0,0,1,0,0,1,0,0,0,1,1,0,0
Ramechhap,8,COPD,242,70,74,194,17,61,7,0,0,0,1,0,0,0,0,1,0,1,0,0,0,1,0,0,1
Ramechhap,9,COPD,209,80,63,154,16,76,9,0,0,0,1,0,0,0,0,1,0,1,0,0,0,1,0,0,1
Ramechhap,10,COPD,228,74,58,66,22,48,11,0,0,0,1,0,0,0,0,1,0,1,0,0,0,1,0,0,1
Ramechhap,11,COPD,158,74,64,55,20,51,2,0,0,0,1,0,0,0,0,1,0,1,0,0,0,1,0,0,1
Ramechhap,12,COPD,194,33,85,187,23,46,10,0,0,0,1,0,0,0,0,1,0,1,0,0,0,1,0,0,1
Sindhupalchowk,1,COPD,171,31,63,198,25,71,10,0,0,0,1,0,0,0,0,1,0,1,0,0,0,1,0,0,1
Sindhupalchowk,2,COPD,267,74,88,134,18,68,10,0,0,0,1,0,0,0,0,1,0,1,0,0,0,1,0,0,1
Sindhupalchowk,3,Asthma,226,63,72,147,28,54,11,0,0,0,1,0,0,0,1,0,0,1,0,0,0,1,1,0,0
Sindhupalchowk,4,Asthma,208,41,94,102,18,53,8,0,0,0,1,0,0,0,1,0,0,1,0,0,0,1,1,0,0
Sindhupalchowk,5,Pneumonia,61,44,51,63,24,58,15,0,0,0,0,1,0,1,0,0,0,0,1,0,1,0,1,0,0
Sindhupalchowk,6,COPD,231,73,90,54,23,42,5,0,0,0,1,0,0,0,0,1,0,1,0,0,0,1,0,0,1
Sindhupalchowk,7,Asthma,100,57,81,89,19,41,13,0,0,0,1,0,0,0,1,0,0,1,0,0,0,1,1,0,0
Sindhupalchowk,8,COPD,248,42,65,164,20,47,7,0,0,0,1,0,0,0,0,1,0,1,0,0,0,1,0,0,1
Sindhupalchowk,9,Asthma,228,65,58,131,27,58,0,0,0,0,1,0,0,0,1,0,0,1,0,0,0,1,1,0,0
Sindhupalchowk,10,COPD,184,75,64,79,15,53,6,0,0,0,1,0,0,0,0,1,0,1,0,0,0,1,0,0,1
Sindhupalchowk,11,Asthma,120,55,68,119,28,56,13,0,0,0,1,0,0,0,1,0,0,1,0,0,0,1,1,0,0
Sindhupalchowk,12,COPD,168,32,65,200,27,80,14,0,0,0,1,0,0,0,0,1,0,1,0,0,0,1,0,0,1
Ilam,1,Asthma,164,68,56,136,20,76,0,0,0,0,1,0,0,0,1,0,0,1,0,0,0,1,1,0,0
Ilam,2,Asthma,195,54,97,104,30,63,8,0,0,0,1,0,0,0,1,0,0,1,0,0,0,1,1,0,0
Ilam,3,COPD,233,50,95,188,25,79,3,0,0,0,1,0,0,0,0,1,0,1,0,0,0,1,0,0,1
Ilam,4,Asthma,119,63,85,136,23,43,1,0,0,0,1,0,0,0,1,0,0,1,0,0,0,1,1,0,0
Ilam,5,COPD,215,72,76,196,27,72,13,0,0,0,1,0,0,0,0,1,0,1,0,0,0,1,0,0,1
Ilam,6,Asthma,122,55,53,136,17,77,14,0,0,0,1,0,0,0,1,0,0,1,0,0,0,1,1,0,0
Ilam,7,Pneumonia,142,31,83,55,28,40,10,0,0,0,0,1,0,1,0,0,0,0,1,0,1,0,1,0,0
Ilam,8,Asthma,132,39,62,107,25,40,11,0,0,0,1,0,0,0,1,0,0,1,0,0,0,1,1,0,0
Ilam,9,Asthma,181,62,64,133,28,42,15,0,0,0,1,0,0,0,1,0,0,1,0,0,0,1,1,0,0
Ilam,10,COPD,179,30,60,172,18,80,2,0,0,0,1,0,0,0,0,1,0,1,0,0,0,1,0,0,1
Ilam,11,Pneumonia,59,33,61,84,26,67,5,0,0,0,0,1,0,1,0,0,0,0,1,0,1,0,1,0,0
Ilam,12,COPD,201,73,80,111,30,69,10,0,0,0,1,0,0,0,0,1,0,1,0,0,0,1,0,0,1
Jhapa,1,COPD,277,69,61,170,29,48,9,0,0,0,1,0,0,0,0,1,0,1,0,0,0,1,0,0,1
Jhapa,2,Asthma,246,33,66,119,15,58,9,0,0,0,1,0,0,0,1,0,0,1,0,0,0,1,1,0,0
Jhapa,3,COPD,183,71,88,108,23,47,8,0,0,0,1,0,0,0,0,1,0,1,0,0,0,1,0,0,1
Jhapa,4,COPD,274,73,74,127,26,57,13,0,0,0,1,0,0,0,0,1,0,1,0,0,0,1,0,0,1
Jhapa,5,Asthma,160,57,77,142,28,58,2,0,0,0,1,0,0,0,1,0,0,1,0,0,0,1,1,0,0
Jhapa,6,COPD,160,38,51,192,16,68,5,0,0,0,1,0,0,0,0,1,0,1,0,0,0,1,0,0,1
Jhapa,7,Asthma,145,56,87,111,23,52,3,0,0,0,1,0,0,0,1,0,0,1,0,0,0,1,1,0,0
Jhapa,8,Asthma,176,52,75,53,30,75,15,0,0,0,1,0,0,0,1,0,0,1,0,0,0,1,1,0,0
Jhapa,9,COPD,276,62,50,185,26,72,2,0,0,0,1,0,0,0,0,1,0,1,0,0,0,1,0,0,1
Jhapa,10,Asthma,182,60,61,143,22,42,14,0,0,0,1,0,0,0,1,0,0,1,0,0,0,1,1,0,0
Jhapa,11,Asthma,210,70,72,138,20,42,1,0,0,0,1,0,0,0,1,0,0,1,0,0,0,1,1,0,0
Jhapa,12,Pneumonia,120,36,86,77,30,49,14,0,0,0,0,1,0,1,0,0,0,0,1,0,1,0,1,0,0
Taplejung,1,Asthma,118,70,86,137,27,61,6,0,0,0,1,0,0,0,1,0,0,1,0,0,0,1,1,0,0
Taplejung,2,COPD,156,55,78,172,30,58,7,0,0,0,1,0,0,0,0,1,0,1,0,0,0,1,0,0,1
Taplejung,3,COPD,288,72,56,170,24,67,0,0,0,0,1,0,0,0,0,1,0,1,0,0,0,1,0,0,1
Taplejung,4,COPD,253,51,76,170,16,59,1,0,0,0,1,0,0,0,0,1,0,1,0,0,0,1,0,0,1
Taplejung,5,Asthma,190,38,69,145,30,67,14,0,0,0,1,0,0,0,1,0,0,1,0,0,0,1,1,0,0
Taplejung,6,COPD,237,70,73,163,22,51,7,0,0,0,1,0,0,0,0,1,0,1,0,0,0,1,0,0,1
Taplejung,7,COPD,173,72,93,73,30,62,1,0,0,0,1,0,0,0,0,1,0,1,0,0,0,1,0,0,1
Taplejung,8,COPD,196,72,81,146,30,44,12,0,0,0,1,0,0,0,0,1,0,1,0,0,0,1,0,0,1
Taplejung,9,Pneumonia,48,41,63,58,20,43,1,0,0,0,0,1,0,1,0,0,0,0,1,0,1,0,1,0,0
Taplejung,10,Asthma,217,62,52,122,28,64,14,0,0,0,1,0,0,0,1,0,0,1,0,0,0,1,1,0,0
Taplejung,11,Asthma,110,40,67,105,15,41,7,0,0,0,1,0,0,0,1,0,0,1,0,0,0,1,1,0,0
Taplejung,12,COPD,272,78,92,102,21,62,6,0,0,0,1,0,0,0,0,1,0,1,0,0,0,1,0,0,1
Kavrepalanchok,1,COPD,197,76,86,145,15,57,5,0,0,0,1,0,0,0,0,1,0,1,0,0,0,1,0,0,1
Kavrepalanchok,2,Lung Cancer,60,39,94,71,18,50,13,0,1,1,0,0,0,0,0,0,0,1,0,0,0,0,1,1,0
Kavrepalanchok,3,Pneumonia,147,40,70,64,21,74,12,0,0,0,0,1,0,1,0,0,0,0,1,0,1,0,1,0,0
Kavrepalanchok,4,COPD,265,65,62,179,20,61,9,0,0,0,1,0,0,0,0,1,0,1,0,0,0,1,0,0,1
Kavrepalanchok,5,Asthma,120,57,95,118,24,49,2,0,0,0,1,0,0,0,1,0,0,1,0,0,0,1,1,0,0
Kavrepalanchok,6,COPD,193,70,72,200,30,80,4,0,0,0,1,0,0,0,0,1,0,1,0,0,0,1,0,0,1
Kavrepalanchok,7,COPD,195,78,65,69,17,70,4,0,0,0,1,0,0,0,0,1,0,1,0,0,0,1,0,0,1
Kavrepalanchok,8,COPD,258,74,85,160,23,51,8,0,0,0,1,0,0,0,0,1,0,1,0,0,0,1,0,0,1
Kavrepalanchok,9,Asthma,152,68,64,133,20,70,13,0,0,0,1,0,0,0,1,0,0,1,0,0,0,1,1,0,0
Kavrepalanchok,10,Pneumonia,122,46,82,57,28,72,9,0,0,0,0,1,0,1,0,0,0,0,1,0,1,0,1,0,0
Kavrepalanchok,11,COPD,174,59,59,164,17,75,14,0,0,0,1,0,0,0,0,1,0,1,0,0,0,1,0,0,1
Kavrepalanchok,12,Asthma,159,34,96,120,27,56,12,0,0,0,1,0,0,0,1,0,0,1,0,0,0,1,1,0,0
Kanchanpur,1,Pneumonia,79,41,96,96,28,71,10,0,0,0,0,1,0,1,0,0,0,0,1,0,1,0,1,0,0
Kanchanpur,2,Lung Cancer,52,48,92,53,21,44,14,0,1,1,0,0,0,0,0,0,0,1,0,0,0,0,1,1,0
Kanchanpur,3,COPD,256,51,84,193,27,54,14,0,0,0,1,0,0,0,0,1,0,1,0,0,0,1,0,0,1
Kanchanpur,4,COPD,263,39,76,179,22,66,4,0,0,0,1,0,0,0,0,1,0,1,0,0,0,1,0,0,1
Kanchanpur,5,Asthma,213,37,71,122,22,61,14,0,0,0,1,0,0,0,1,0,0,1,0,0,0,1,1,0,0
Kanchanpur,6,Asthma,172,55,92,113,16,54,13,0,0,0,1,0,0,0,1,0,0,1,0,0,0,1,1,0,0
Kanchanpur,7,COPD,166,59,96,173,30,42,15,0,0,0,1,0,0,0,0,1,0,1,0,0,0,1,0,0,1
Kanchanpur,8,COPD,190,75,54,54,17,68,15,0,0,0,1,0,0,0,0,1,0,1,0,0,0,1,0,0,1
Kanchanpur,9,Asthma,223,44,88,127,29,69,6,0,0,0,1,0,0,0,1,0,0,1,0,0,0,1,1,0,0
Kanchanpur,10,COPD,265,78,100,197,18,58,4,0,0,0,1,0,0,0,0,1,0,1,0,0,0,1,0,0,1
Kanchanpur,11,COPD,202,45,74,175,20,54,10,0,0,0,1,0,0,0,0,1,0,1,0,0,0,1,0,0,1
Kanchanpur,12,Asthma,131,36,69,144,15,59,4,0,0,0,1,0,0,0,1,0,0,1,0,0,0,1,1,0,0
Baitadi,1,Asthma,244,32,91,131,25,72,5,0,0,0,1,0,0,0,1,0,0,1,0,0,0,1,1,0,0
Baitadi,2,Pneumonia,79,40,67,60,20,68,6,0,0,0,0,1,0,1,0,0,0,0,1,0,1,0,1,0,0
Baitadi,3,Lung Cancer,61,39,77,56,15,52,14,0,1,1,0,0,0,0,0,0,0,1,0,0,0,0,1,1,0
Baitadi,4,COPD,300,80,85,69,19,53,6,0,0,0,1,0,0,0,0,1,0,1,0,0,0,1,0,0,1
Baitadi,5,Asthma,244,66,62,61,21,50,3,0,0,0,1,0,0,0,1,0,0,1,0,0,0,1,1,0,0
Baitadi,6,Asthma,106,40,77,129,25,49,14,0,0,0,1,0,0,0,1,0,0,1,0,0,0,1,1,0,0
Baitadi,7,Asthma,131,68,85,132,28,69,11,0,0,0,1,0,0,0,1,0,0,1,0,0,0,1,1,0,0
Baitadi,8,Asthma,224,43,80,109,17,77,15,0,0,0,1,0,0,0,1,0,0,1,0,0,0,1,1,0,0
Baitadi,9,Asthma,113,52,90,71,23,76,12,0,0,0,1,0,0,0,1,0,0,1,0,0,0,1,1,0,0
Baitadi,10,Pneumonia,104,34,84,62,24,69,8,0,0,0,0,1,0,1,0,0,0,0,1,0,1,0,1,0,0
Baitadi,11,Asthma,207,58,96,74,28,66,11,0,0,0,1,0,0,0,1,0,0,1,0,0,0,1,1,0,0
Baitadi,12,Asthma,127,44,53,121,29,73,15,0,0,0,1,0,0,0,1,0,0,1,0,0,0,1,1,0,0
Doti,1,COPD,153,35,58,190,15,55,8,0,0,0,1,0,0,0,0,1,0,1,0,0,0,1,0,0,1
Doti,2,Asthma,234,59,67,50,28,52,15,0,0,0,1,0,0,0,1,0,0,1,0,0,0,1,1,0,0
Doti,3,Asthma,144,58,61,110,26,65,14,0,0,0,1,0,0,0,1,0,0,1,0,0,0,1,1,0,0
Doti,4,Asthma,207,54,93,139,19,57,14,0,0,0,1,0,0,0,1,0,0,1,0,0,0,1,1,0,0
Doti,5,COPD,279,52,88,164,30,48,1,0,0,0,1,0,0,0,0,1,0,1,0,0,0,1,0,0,1
Doti,6,Asthma,163,51,96,83,30,53,9,0,0,0,1,0,0,0,1,0,0,1,0,0,0,1,1,0,0
Doti,7,COPD,270,80,87,99,25,73,2,0,0,0,1,0,0,0,0,1,0,1,0,0,0,1,0,0,1
Doti,8,COPD,187,77,75,160,21,53,9,0,0,0,1,0,0,0,0,1,0,1,0,0,0,1,0,0,1
Doti,9,Asthma,237,37,69,126,20,61,3,0,0,0,1,0,0,0,1,0,0,1,0,0,0,1,1,0,0
Doti,10,Asthma,215,35,87,130,30,78,3,0,0,0,1,0,0,0,1,0,0,1,0,0,0,1,1,0,0
Doti,11,COPD,221,67,75,190,19,54,12,0,0,0,1,0,0,0,0,1,0,1,0,0,0,1,0,0,1
Doti,12,Asthma,170,55,74,100,25,53,5,0,0,0,1,0,0,0,1,0,0,1,0,0,0,1,1,0,0
Achham,1,Pneumonia,71,35,65,61,19,63,9,0,0,0,0,1,0,1,0,0,0,0,1,0,1,0,1,0,0
Achham,2,Asthma,111,51,96,136,21,53,4,0,0,0,1,0,0,0,1,0,0,1,0,0,0,1,1,0,0
Achham,3,COPD,293,59,76,167,25,43,7,0,0,0,1,0,0,0,0,1,0,1,0,0,0,1,0,0,1
Achham,4,COPD,225,75,58,188,28,71,7,0,0,0,1,0,0,0,0,1,0,1,0,0,0,1,0,0,1
Achham,5,Asthma,167,47,95,121,16,41,8,0,0,0,1,0,0,0,1,0,0,1,0,0,0,1,1,0,0
Achham,6,Asthma,172,58,74,62,20,41,10,0,0,0,1,0,0,0,1,0,0,1,0,0,0,1,1,0,0
Achham,7,Asthma,183,46,100,109,22,53,8,0,0,0,1,0,0,0,1,0,0,1,0,0,0,1,1,0,0
Achham,8,Asthma,233,44,85,113,27,72,14,0,0,0,1,0,0,0,1,0,0,1,0,0,0,1,1,0,0
Achham,9,Asthma,40,38,79,64,21,42,9,0,0,0,1,0,0,0,1,0,0,1,0,0,0,1,1,0,0
Achham,10,Asthma,107,64,88,114,16,80,3,0,0,0,1,0,0,0,1,0,0,1,0,0,0,1,1,0,0
Achham,11,Asthma,228,60,53,87,17,67,11,0,0,0,1,0,0,0,1,0,0,1,0,0,0,1,1,0,0
Achham,12,COPD,170,49,72,189,17,51,14,0,0,0,1,0,0,0,0,1,0,1,0,0,0,1,0,0,1
Bajura,1,COPD,262,78,68,94,20,61,14,0,0,0,1,0,0,0,0,1,0,1,0,0,0,1,0,0,1
Bajura,2,Asthma,196,68,73,133,28,77,11,0,0,0,1,0,0,0,1,0,0,1,0,0,0,1,1,0,0
Bajura,3,Asthma,103,68,69,50,19,41,13,0,0,0,1,0,0,0,1,0,0,1,0,0,0,1,1,0,0
Bajura,4,Asthma,231,43,91,117,26,43,1,0,0,0,1,0,0,0,1,0,0,1,0,0,0,1,1,0,0
Bajura,5,Pneumonia,132,39,62,56,30,46,8,0,0,0,0,1,0,1,0,0,0,0,1,0,1,0,1,0,0
Bajura,6,Asthma,155,52,87,121,29,58,15,0,0,0,1,0,0,0,1,0,0,1,0,0,0,1,1,0,0
Bajura,7,COPD,169,30,59,187,28,48,3,0,0,0,1,0,0,0,0,1,0,1,0,0,0,1,0,0,1
Bajura,8,COPD,277,67,72,198,17,55,11,0,0,0,1,0,0,0,0,1,0,1,0,0,0,1,0,0,1
Bajura,9,COPD,259,42,92,185,26,75,9,0,0,0,1,0,0,0,0,1,0,1,0,0,0,1,0,0,1
Bajura,10,Asthma,228,36,75,106,27,74,12,0,0,0,1,0,0,0,1,0,0,1,0,0,0,1,1,0,0
Bajura,11,COPD,197,58,51,165,28,67,13,0,0,0,1,0,0,0,0,1,0,1,0,0,0,1,0,0,1
Bajura,12,COPD,296,35,95,199,25,65,5,0,0,0,1,0,0,0,0,1,0,1,0,0,0,1,0,0,1
Bajhang,1,COPD,170,38,83,192,27,48,3,0,0,0,1,0,0,0,0,1,0,1,0,0,0,1,0,0,1
Bajhang,2,Asthma,152,63,72,119,27,50,15,0,0,0,1,0,0,0,1,0,0,1,0,0,0,1,1,0,0
Bajhang,3,COPD,220,73,65,155,28,64,11,0,0,0,1,0,0,0,0,1,0,1,0,0,0,1,0,0,1
Bajhang,4,Lung Cancer,39,32,96,50,24,54,2,0,1,1,0,0,0,0,0,0,0,1,0,0,0,0,1,1,0
Bajhang,5,Asthma,215,55,62,84,30,41,15,0,0,0,1,0,0,0,1,0,0,1,0,0,0,1,1,0,0
Bajhang,6,Asthma,248,70,66,76,28,62,13,0,0,0,1,0,0,0,1,0,0,1,0,0,0,1,1,0,0
Bajhang,7,COPD,194,75,56,97,18,57,3,0,0,0,1,0,0,0,0,1,0,1,0,0,0,1,0,0,1
Bajhang,8,Asthma,224,43,56,112,25,49,13,0,0,0,1,0,0,0,1,0,0,1,0,0,0,1,1,0,0
Bajhang,9,Asthma,182,49,82,103,26,70,4,0,0,0,1,0,0,0,1,0,0,1,0,0,0,1,1,0,0
Bajhang,10,COPD,295,80,84,133,24,65,8,0,0,0,1,0,0,0,0,1,0,1,0,0,0,1,0,0,1
Bajhang,11,COPD,170,46,68,171,21,78,6,0,0,0,1,0,0,0,0,1,0,1,0,0,0,1,0,0,1
Bajhang,12,Asthma,225,40,51,143,20,48,4,0,0,0,1,0,0,0,1,0,0,1,0,0,0,1,1,0,0
Mugu,1,COPD,296,73,75,182,16,61,14,0,0,0,1,0,0,0,0,1,0,1,0,0,0,1,0,0,1
Mugu,2,Pneumonia,78,37,67,93,20,78,12,0,0,0,0,1,0,1,0,0,0,0,1,0,1,0,1,0,0
Mugu,3,COPD,172,54,83,178,30,77,9,0,0,0,1,0,0,0,0,1,0,1,0,0,0,1,0,0,1
Mugu,4,COPD,168,58,73,169,22,41,3,0,0,0,1,0,0,0,0,1,0,1,0,0,0,1,0,0,1
Mugu,5,COPD,192,59,79,171,15,45,2,0,0,0,1,0,0,0,0,1,0,1,0,0,0,1,0,0,1
Mugu,6,Asthma,236,68,84,61,26,46,6,0,0,0,1,0,0,0,1,0,0,1,0,0,0,1,1,0,0
Mugu,7,COPD,186,61,63,152,18,70,3,0,0,0,1,0,0,0,0,1,0,1,0,0,0,1,0,0,1
Mugu,8,COPD,197,76,60,147,29,63,8,0,0,0,1,0,0,0,0,1,0,1,0,0,0,1,0,0,1
Mugu,9,COPD,222,76,64,51,29,68,12,0,0,0,1,0,0,0,0,1,0,1,0,0,0,1,0,0,1
Mugu,10,COPD,204,78,60,105,24,71,3,0,0,0,1,0,0,0,0,1,0,1,0,0,0,1,0,0,1
Mugu,11,COPD,263,54,67,159,19,63,12,0,0,0,1,0,0,0,0,1,0,1,0,0,0,1,0,0,1
Mugu,12,Asthma,245,63,100,101,16,47,6,0,0,0,1,0,0,0,1,0,0,1,0,0,0,1,1,0,0
Dolpa,1,COPD,163,63,85,152,19,74,15,0,0,0,1,0,0,0,0,1,0,1,0,0,0,1,0,0,1
Dolpa,2,COPD,286,71,69,120,19,52,6,0,0,0,1,0,0,0,0,1,0,1,0,0,0,1,0,0,1
Dolpa,3,COPD,198,77,84,146,18,60,2,0,0,0,1,0,0,0,0,1,0,1,0,0,0,1,0,0,1
Dolpa,4,COPD,284,70,66,199,20,40,8,0,0,0,1,0,0,0,0,1,0,1,0,0,0,1,0,0,1
Dolpa,5,COPD,262,73,99,116,15,67,11,0,0,0,1,0,0,0,0,1,0,1,0,0,0,1,0,0,1
Dolpa,6,COPD,289,75,100,116,29,53,1,0,0,0,1,0,0,0,0,1,0,1,0,0,0,1,0,0,1
Dolpa,7,COPD,188,61,90,156,27,48,5,0,0,0,1,0,0,0,0,1,0,1,0,0,0,1,0,0,1
Dolpa,8,Asthma,101,57,54,148,22,54,14,0,0,0,1,0,0,0,1,0,0,1,0,0,0,1,1,0,0
Dolpa,9,Asthma,60,43,95,59,18,51,11,0,0,0,1,0,0,0,1,0,0,1,0,0,0,1,1,0,0
Dolpa,10,COPD,155,35,51,198,17,56,2,0,0,0,1,0,0,0,0,1,0,1,0,0,0,1,0,0,1
Dolpa,11,Asthma,250,62,87,75,18,61,6,0,0,0,1,0,0,0,1,0,0,1,0,0,0,1,1,0,0
Dolpa,12,COPD,205,37,79,179,23,75,11,0,0,0,1,0,0,0,0,1,0,1,0,0,0,1,0,0,1
Kalikot,1,Asthma,147,46,50,120,15,40,13,0,0,0,1,0,0,0,1,0,0,1,0,0,0,1,1,0,0
Kalikot,2,COPD,210,40,87,179,21,55,9,0,0,0,1,0,0,0,0,1,0,1,0,0,0,1,0,0,1
Kalikot,3,COPD,280,57,63,171,19,55,3,0,0,0,1,0,0,0,0,1,0,1,0,0,0,1,0,0,1
Kalikot,4,Asthma,216,37,89,147,17,43,9,0,0,0,1,0,0,0,1,0,0,1,0,0,0,1,1,0,0
Kalikot,5,Asthma,211,46,77,138,25,70,8,0,0,0,1,0,0,0,1,0,0,1,0,0,0,1,1,0,0
Kalikot,6,Asthma,151,67,90,52,21,78,12,0,0,0,1,0,0,0,1,0,0,1,0,0,0,1,1,0,0
Kalikot,7,Asthma,178,64,55,93,29,68,9,0,0,0,1,0,0,0,1,0,0,1,0,0,0,1,1,0,0
Kalikot,8,COPD,221,45,91,181,27,41,12,0,0,0,1,0,0,0,0,1,0,1,0,0,0,1,0,0,1
Kalikot,9,COPD,287,53,94,180,22,77,14,0,0,0,1,0,0,0,0,1,0,1,0,0,0,1,0,0,1
Kalikot,10,Asthma,175,44,90,141,20,80,11,0,0,0,1,0,0,0,1,0,0,1,0,0,0,1,1,0,0
Kalikot,11,COPD,156,76,76,115,19,73,13,0,0,0,1,0,0,0,0,1,0,1,0,0,0,1,0,0,1
Kalikot,12,COPD,220,37,57,156,19,52,1,0,0,0,1,0,0,0,0,1,0,1,0,0,0,1,0,0,1
Humla,1,Asthma,228,65,71,90,15,58,3,0,0,0,1,0,0,0,1,0,0,1,0,0,0,1,1,0,0
Humla,2,Pneumonia,84,38,86,64,25,65,10,0,0,0,0,1,0,1,0,0,0,0,1,0,1,0,1,0,0
Humla,3,Asthma,167,45,54,149,23,70,0,0,0,0,1,0,0,0,1,0,0,1,0,0,0,1,1,0,0
Humla,4,Asthma,225,53,75,118,22,42,1,0,0,0,1,0,0,0,1,0,0,1,0,0,0,1,1,0,0
Humla,5,Asthma,149,51,59,85,20,53,10,0,0,0,1,0,0,0,1,0,0,1,0,0,0,1,1,0,0
Humla,6,Asthma,195,61,74,79,25,64,6,0,0,0,1,0,0,0,1,0,0,1,0,0,0,1,1,0,0
Humla,7,COPD,186,71,86,84,30,49,1,0,0,0,1,0,0,0,0,1,0,1,0,0,0,1,0,0,1
Humla,8,Asthma,246,56,52,93,27,43,15,0,0,0,1,0,0,0,1,0,0,1,0,0,0,1,1,0,0
Humla,9,COPD,152,79,77,139,17,58,5,0,0,0,1,0,0,0,0,1,0,1,0,0,0,1,0,0,1
Humla,10,Asthma,140,53,98,73,24,73,14,0,0,0,1,0,0,0,1,0,0,1,0,0,0,1,1,0,0
Humla,11,COPD,231,54,94,153,25,68,0,0,0,0,1,0,0,0,0,1,0,1,0,0,0,1,0,0,1
Humla,12,Tuberculosis,77,43,88,63,23,48,1,1,0,1,0,0,1,0,0,0,1,0,0,1,0,0,0,0,0
Jumla,1,COPD,268,71,73,154,28,43,0,0,0,0,1,0,0,0,0,1,0,1,0,0,0,1,0,0,1
Jumla,2,Asthma,53,41,84,54,20,45,6,0,0,0,1,0,0,0,1,0,0,1,0,0,0,1,1,0,0
Jumla,3,COPD,162,37,96,193,24,67,10,0,0,0,1,0,0,0,0,1,0,1,0,0,0,1,0,0,1
Jumla,4,Pneumonia,145,45,97,94,26,54,9,0,0,0,0,1,0,1,0,0,0,0,1,0,1,0,1,0,0
Jumla,5,Asthma,125,66,79,70,28,77,13,0,0,0,1,0,0,0,1,0,0,1,0,0,0,1,1,0,0
Jumla,6,Asthma,237,53,85,126,17,57,13,0,0,0,1,0,0,0,1,0,0,1,0,0,0,1,1,0,0
Jumla,7,COPD,209,68,99,197,22,52,13,0,0,0,1,0,0,0,0,1,0,1,0,0,0,1,0,0,1
Jumla,8,COPD,233,37,58,192,15,59,6,0,0,0,1,0,0,0,0,1,0,1,0,0,0,1,0,0,1
Jumla,9,Asthma,236,37,72,106,28,51,11,0,0,0,1,0,0,0,1,0,0,1,0,0,0,1,1,0,0
Jumla,10,COPD,241,69,98,180,16,41,4,0,0,0,1,0,0,0,0,1,0,1,0,0,0,1,0,0,1
Jumla,11,Asthma,138,30,62,104,15,73,8,0,0,0,1,0,0,0,1,0,0,1,0,0,0,1,1,0,0
Jumla,12,COPD,237,44,93,160,21,45,0,0,0,0,1,0,0,0,0,1,0,1,0,0,0,1,0,0,1
Rukum,1,Asthma,243,67,92,77,29,74,1,0,0,0,1,0,0,0,1,0,0,1,0,0,0,1,1,0,0
Rukum,2,Asthma,134,70,94,130,16,55,8,0,0,0,1,0,0,0,1,0,0,1,0,0,0,1,1,0,0
Rukum,3,Asthma,60,49,51,55,19,59,13,0,0,0,1,0,0,0,1,0,0,1,0,0,0,1,1,0,0
Rukum,4,COPD,162,52,91,174,15,53,4,0,0,0,1,0,0,0,0,1,0,1,0,0,0,1,0,0,1
Rukum,5,Asthma,213,56,82,141,28,67,14,0,0,0,1,0,0,0,1,0,0,1,0,0,0,1,1,0,0
Rukum,6,Asthma,220,46,96,133,23,63,3,0,0,0,1,0,0,0,1,0,0,1,0,0,0,1,1,0,0
Rukum,7,Asthma,34,40,64,90,17,53,11,0,0,0,1,0,0,0,1,0,0,1,0,0,0,1,1,0,0
Rukum,8,COPD,156,79,90,59,25,61,10,0,0,0,1,0,0,0,0,1,0,1,0,0,0,1,0,0,1
Rukum,9,COPD,152,50,56,177,17,72,12,0,0,0,1,0,0,0,0,1,0,1,0,0,0,1,0,0,1
Rukum,10,Asthma,156,61,93,129,25,52,8,0,0,0,1,0,0,0,1,0,0,1,0,0,0,1,1,0,0
Rukum,11,COPD,174,31,52,152,24,72,14,0,0,0,1,0,0,0,0,1,0,1,0,0,0,1,0,0,1
Rukum,12,Asthma,228,66,54,116,29,48,8,0,0,0,1,0,0,0,1,0,0,1,0,0,0,1,1,0,0
Rolpa,1,Asthma,232,51,95,55,17,50,10,0,0,0,1,0,0,0,1,0,0,1,0,0,0,1,1,0,0
Rolpa,2,COPD,279,75,93,59,24,67,1,0,0,0,1,0,0,0,0,1,0,1,0,0,0,1,0,0,1
Rolpa,3,COPD,255,40,53,188,18,66,1,0,0,0,1,0,0,0,0,1,0,1,0,0,0,1,0,0,1
Rolpa,4,Pneumonia,62,37,82,77,26,44,8,0,0,0,0,1,0,1,0,0,0,0,1,0,1,0,1,0,0
Rolpa,5,COPD,205,79,98,104,23,79,1,0,0,0,1,0,0,0,0,1,0,1,0,0,0,1,0,0,1
Rolpa,6,Asthma,223,64,61,84,30,42,10,0,0,0,1,0,0,0,1,0,0,1,0,0,0,1,1,0,0
Rolpa,7,COPD,247,45,56,166,18,43,13,0,0,0,1,0,0,0,0,1,0,1,0,0,0,1,0,0,1
Rolpa,8,Pneumonia,119,39,99,67,16,79,5,0,0,0,0,1,0,1,0,0,0,0,1,0,1,0,1,0,0
Rolpa,9,Asthma,212,54,98,95,17,66,4,0,0,0,1,0,0,0,1,0,0,1,0,0,0,1,1,0,0
Rolpa,10,Asthma,192,59,54,94,15,76,6,0,0,0,1,0,0,0,1,0,0,1,0,0,0,1,1,0,0
Rolpa,11,Asthma,125,43,69,127,28,66,13,0,0,0,1,0,0,0,1,0,0,1,0,0,0,1,1,0,0
Rolpa,12,COPD,264,58,61,200,23,59,9,0,0,0,1,0,0,0,0,1,0,1,0,0,0,1,0,0,1
Banke,1,Asthma,223,33,99,107,27,69,13,0,0,0,1,0,0,0,1,0,0,1,0,0,0,1,1,0,0
Banke,2,COPD,74,32,93,91,23,52,11,0,0,0,1,0,0,0,0,1,0,1,0,0,0,1,0,0,1
Banke,3,Asthma,207,32,61,108,23,64,7,0,0,0,1,0,0,0,1,0,0,1,0,0,0,1,1,0,0
Banke,4,Pneumonia,37,48,84,71,17,51,15,0,0,0,0,1,0,1,0,0,0,0,1,0,1,0,1,0,0
Banke,5,COPD,236,51,63,154,26,65,9,0,0,0,1,0,0,0,0,1,0,1,0,0,0,1,0,0,1
Banke,6,COPD,198,63,56,176,15,69,3,0,0,0,1,0,0,0,0,1,0,1,0,0,0,1,0,0,1
Banke,7,Pneumonia,125,39,84,75,26,62,13,0,0,0,0,1,0,1,0,0,0,0,1,0,1,0,1,0,0
Banke,8,COPD,219,36,74,154,17,58,2,0,0,0,1,0,0,0,0,1,0,1,0,0,0,1,0,0,1
Banke,9,Asthma,229,55,62,80,15,69,7,0,0,0,1,0,0,0,1,0,0,1,0,0,0,1,1,0,0
Banke,10,COPD,209,72,69,123,15,63,6,0,0,0,1,0,0,0,0,1,0,1,0,0,0,1,0,0,1
Banke,11,Asthma,160,43,84,148,20,72,9,0,0,0,1,0,0,0,1,0,0,1,0,0,0,1,1,0,0
Banke,12,Asthma,216,63,97,51,22,51,12,0,0,0,1,0,0,0,1,0,0,1,0,0,0,1,1,0,0
Bardiya,1,COPD,251,73,58,200,17,65,14,0,0,0,1,0,0,0,0,1,0,1,0,0,0,1,0,0,1
Bardiya,2,Asthma,212,57,55,115,27,40,5,0,0,0,1,0,0,0,1,0,0,1,0,0,0,1,1,0,0
Bardiya,3,Asthma,234,67,62,149,22,76,11,0,0,0,1,0,0,0,1,0,0,1,0,0,0,1,1,0,0
Bardiya,4,COPD,268,74,50,164,26,52,0,0,0,0,1,0,0,0,0,1,0,1,0,0,0,1,0,0,1
Bardiya,5,COPD,188,71,51,133,29,46,15,0,0,0,1,0,0,0,0,1,0,1,0,0,0,1,0,0,1
Bardiya,6,Asthma,175,36,73,126,22,66,0,0,0,0,1,0,0,0,1,0,0,1,0,0,0,1,1,0,0
Bardiya,7,Asthma,118,57,93,115,15,77,7,0,0,0,1,0,0,0,1,0,0,1,0,0,0,1,1,0,0
Bardiya,8,COPD,200,64,54,160,26,62,9,0,0,0,1,0,0,0,0,1,0,1,0,0,0,1,0,0,1
Bardiya,9,Asthma,187,50,60,128,15,59,14,0,0,0,1,0,0,0,1,0,0,1,0,0,0,1,1,0,0
Bardiya,10,Asthma,234,31,90,118,25,52,10,0,0,0,1,0,0,0,1,0,0,1,0,0,0,1,1,0,0
Bardiya,11,Asthma,206,58,96,62,27,58,13,0,0,0,1,0,0,0,1,0,0,1,0,0,0,1,1,0,0
Bardiya,12,COPD,190,79,67,169,21,78,11,0,0,0,1,0,0,0,0,1,0,1,0,0,0,1,0,0,1
Sarlahi,1,Asthma,204,62,58,136,25,76,1,0,0,0,1,0,0,0,1,0,0,1,0,0,0,1,1,0,0
Sarlahi,2,Asthma,210,56,89,88,24,75,1,0,0,0,1,0,0,0,1,0,0,1,0,0,0,1,1,0,0
Sarlahi,3,Asthma,171,61,99,127,22,52,4,0,0,0,1,0,0,0,1,0,0,1,0,0,0,1,1,0,0
Sarlahi,4,COPD,287,66,78,157,16,76,14,0,0,0,1,0,0,0,0,1,0,1,0,0,0,1,0,0,1
Sarlahi,5,Asthma,111,39,85,126,30,49,12,0,0,0,1,0,0,0,1,0,0,1,0,0,0,1,1,0,0
Sarlahi,6,Asthma,107,57,52,99,30,71,2,0,0,0,1,0,0,0,1,0,0,1,0,0,0,1,1,0,0
Sarlahi,7,Asthma,217,51,82,75,20,63,6,0,0,0,1,0,0,0,1,0,0,1,0,0,0,1,1,0,0
Sarlahi,8,Asthma,246,70,97,109,23,76,0,0,0,0,1,0,0,0,1,0,0,1,0,0,0,1,1,0,0
Sarlahi,9,COPD,221,73,71,186,25,57,2,0,0,0,1,0,0,0,0,1,0,1,0,0,0,1,0,0,1
Sarlahi,10,COPD,260,75,62,52,26,60,0,0,0,0,1,0,0,0,0,1,0,1,0,0,0,1,0,0,1
Sarlahi,11,Tuberculosis,78,33,67,52,21,53,7,1,0,1,0,0,1,0,0,0,1,0,0,1,0,0,0,0,0
Sarlahi,12,Pneumonia,106,43,98,82,15,72,5,0,0,0,0,1,0,1,0,0,0,0,1,0,1,0,1,0,0
Mahottari,1,COPD,195,69,98,196,15,69,15,0,0,0,1,0,0,0,0,1,0,1,0,0,0,1,0,0,1
Mahottari,2,COPD,193,48,87,166,26,67,14,0,0,0,1,0,0,0,0,1,0,1,0,0,0,1,0,0,1
Mahottari,3,Asthma,247,52,66,66,18,59,13,0,0,0,1,0,0,0,1,0,0,1,0,0,0,1,1,0,0
Mahottari,4,COPD,171,73,53,187,19,43,14,0,0,0,1,0,0,0,0,1,0,1,0,0,0,1,0,0,1
Mahottari,5,Asthma,225,42,85,145,26,56,1,0,0,0,1,0,0,0,1,0,0,1,0,0,0,1,1,0,0
Mahottari,6,Asthma,129,55,84,115,17,57,12,0,0,0,1,0,0,0,1,0,0,1,0,0,0,1,1,0,0
Mahottari,7,COPD,276,71,89,140,28,59,4,0,0,0,1,0,0,0,0,1,0,1,0,0,0,1,0,0,1
Mahottari,8,Asthma,154,53,69,113,28,80,14,0,0,0,1,0,0,0,1,0,0,1,0,0,0,1,1,0,0
Mahottari,9,Asthma,169,54,90,58,30,44,11,0,0,0,1,0,0,0,1,0,0,1,0,0,0,1,1,0,0
Mahottari,10,COPD,257,40,68,181,24,76,9,0,0,0,1,0,0,0,0,1,0,1,0,0,0,1,0,0,1
Mahottari,11,COPD,224,73,70,143,22,69,5,0,0,0,1,0,0,0,0,1,0,1,0,0,0,1,0,0,1
Mahottari,12,Asthma,127,47,51,108,29,53,1,0,0,0,1,0,0,0,1,0,0,1,0,0,0,1,1,0,0
Dhanusha,1,Asthma,63,37,53,83,19,53,10,0,0,0,1,0,0,0,1,0,0,1,0,0,0,1,1,0,0
Dhanusha,2,Asthma,117,61,70,145,18,80,12,0,0,0,1,0,0,0,1,0,0,1,0,0,0,1,1,0,0
Dhanusha,3,COPD,157,78,56,168,21,51,8,0,0,0,1,0,0,0,0,1,0,1,0,0,0,1,0,0,1
Dhanusha,4,Asthma,176,56,66,123,15,57,13,0,0,0,1,0,0,0,1,0,0,1,0,0,0,1,1,0,0
Dhanusha,5,Asthma,230,46,88,139,18,63,8,0,0,0,1,0,0,0,1,0,0,1,0,0,0,1,1,0,0
Dhanusha,6,COPD,200,73,83,191,15,49,11,0,0,0,1,0,0,0,0,1,0,1,0,0,0,1,0,0,1
Dhanusha,7,COPD,288,73,55,199,17,46,13,0,0,0,1,0,0,0,0,1,0,1,0,0,0,1,0,0,1
Dhanusha,8,Pneumonia,60,30,60,71,19,50,11,0,0,0,0,1,0,1,0,0,0,0,1,0,1,0,1,0,0
Dhanusha,9,COPD,273,33,78,161,15,52,10,0,0,0,1,0,0,0,0,1,0,1,0,0,0,1,0,0,1
Dhanusha,10,Lung Cancer,59,40,70,99,19,47,5,0,1,1,0,0,0,0,0,0,0,1,0,0,0,0,1,1,0
Dhanusha,11,COPD,225,37,94,185,24,41,11,0,0,0,1,0,0,0,0,1,0,1,0,0,0,1,0,0,1
Dhanusha,12,Asthma,160,54,83,130,29,48,8,0,0,0,1,0,0,0,1,0,0,1,0,0,0,1,1,0,0
Madhesh,1,COPD,189,78,88,157,26,53,10,0,0,0,1,0,0,0,0,1,0,1,0,0,0,1,0,0,1
Madhesh,2,COPD,179,79,80,167,24,48,6,0,0,0,1,0,0,0,0,1,0,1,0,0,0,1,0,0,1
Madhesh,3,Asthma,163,61,75,131,26,68,13,0,0,0,1,0,0,0,1,0,0,1,0,0,0,1,1,0,0
Madhesh,4,Asthma,220,58,80,91,19,44,10,0,0,0,1,0,0,0,1,0,0,1,0,0,0,1,1,0,0
Madhesh,5,Pneumonia,111,43,69,54,22,69,7,0,0,0,0,1,0,1,0,0,0,0,1,0,1,0,1,0,0
Madhesh,6,Asthma,220,63,77,143,22,66,2,0,0,0,1,0,0,0,1,0,0,1,0,0,0,1,1,0,0
Madhesh,7,Asthma,40,32,57,86,20,54,1,0,0,0,1,0,0,0,1,0,0,1,0,0,0,1,1,0,0
Madhesh,8,Asthma,205,60,55,79,15,68,11,0,0,0,1,0,0,0,1,0,0,1,0,0,0,1,1,0,0
Madhesh,9,COPD,205,73,72,87,30,80,2,0,0,0,1,0,0,0,0,1,0,1,0,0,0,1,0,0,1
Madhesh,10,COPD,272,78,78,118,28,40,10,0,0,0,1,0,0,0,0,1,0,1,0,0,0,1,0,0,1
Madhesh,11,COPD,38,44,94,77,16,58,10,0,0,0,1,0,0,0,0,1,0,1,0,0,0,1,0,0,1
Madhesh,12,Pneumonia,141,38,80,87,27,73,7,0,0,0,0,1,0,1,0,0,0,0,1,0,1,0,1,0,0
Siraha,1,COPD,69,32,83,77,23,51,1,0,0,0,1,0,0,0,0,1,0,1,0,0,0,1,0,0,1
Siraha,2,COPD,261,77,83,187,19,70,0,0,0,0,1,0,0,0,0,1,0,1,0,0,0,1,0,0,1
Siraha,3,Asthma,198,35,68,120,26,64,11,0,0,0,1,0,0,0,1,0,0,1,0,0,0,1,1,0,0
Siraha,4,COPD,160,63,61,171,22,74,8,0,0,0,1,0,0,0,0,1,0,1,0,0,0,1,0,0,1
Siraha,5,COPD,247,51,98,187,30,47,9,0,0,0,1,0,0,0,0,1,0,1,0,0,0,1,0,0,1
Siraha,6,COPD,184,79,64,114,21,67,15,0,0,0,1,0,0,0,0,1,0,1,0,0,0,1,0,0,1
Siraha,7,COPD,158,76,52,185,29,76,13,0,0,0,1,0,0,0,0,1,0,1,0,0,0,1,0,0,1
Siraha,8,COPD,287,34,91,165,16,72,15,0,0,0,1,0,0,0,0,1,0,1,0,0,0,1,0,0,1
Siraha,9,Asthma,200,34,50,133,19,79,8,0,0,0,1,0,0,0,1,0,0,1,0,0,0,1,1,0,0
Siraha,10,Asthma,145,51,100,117,21,65,4,0,0,0,1,0,0,0,1,0,0,1,0,0,0,1,1,0,0
Siraha,11,Asthma,245,70,96,50,19,60,9,0,0,0,1,0,0,0,1,0,0,1,0,0,0,1,1,0,0
Siraha,12,COPD,161,78,55,144,19,77,7,0,0,0,1,0,0,0,0,1,0,1,0,0,0,1,0,0,1
Udayapur,1,COPD,243,40,100,164,25,53,14,0,0,0,1,0,0,0,0,1,0,1,0,0,0,1,0,0,1
Udayapur,2,COPD,278,35,70,171,28,56,15,0,0,0,1,0,0,0,0,1,0,1,0,0,0,1,0,0,1
Udayapur,3,COPD,232,60,96,151,29,72,9,0,0,0,1,0,0,0,0,1,0,1,0,0,0,1,0,0,1
Udayapur,4,COPD,215,77,100,189,29,76,0,0,0,0,1,0,0,0,0,1,0,1,0,0,0,1,0,0,1
Udayapur,5,COPD,163,78,82,165,18,45,1,0,0,0,1,0,0,0,0,1,0,1,0,0,0,1,0,0,1
Udayapur,6,COPD,260,56,61,163,26,71,0,0,0,0,1,0,0,0,0,1,0,1,0,0,0,1,0,0,1
Udayapur,7,Asthma,184,68,73,135,22,51,15,0,0,0,1,0,0,0,1,0,0,1,0,0,0,1,1,0,0
Udayapur,8,COPD,159,73,54,122,19,61,15,0,0,0,1,0,0,0,0,1,0,1,0,0,0,1,0,0,1
Udayapur,9,COPD,190,60,84,180,15,70,0,0,0,0,1,0,0,0,0,1,0,1,0,0,0,1,0,0,1
Udayapur,10,COPD,183,60,52,160,18,59,0,0,0,0,1,0,0,0,0,1,0,1,0,0,0,1,0,0,1
Udayapur,11,COPD,152,74,76,90,28,46,10,0,0,0,1,0,0,0,0,1,0,1,0,0,0,1,0,0,1
Udayapur,12,Asthma,240,57,74,119,26,49,0,0,0,0,1,0,0,0,1,0,0,1,0,0,0,1,1,0,0
Okhaldhunga,1,Pneumonia,119,31,92,64,17,69,15,0,0,0,0,1,0,1,0,0,0,0,1,0,1,0,1,0,0
Okhaldhunga,2,COPD,291,80,64,105,23,60,1,0,0,0,1,0,0,0,0,1,0,1,0,0,0,1,0,0,1
Okhaldhunga,3,Asthma,228,70,96,92,29,74,8,0,0,0,1,0,0,0,1,0,0,1,0,0,0,1,1,0,0
Okhaldhunga,4,Asthma,153,42,50,126,21,66,8,0,0,0,1,0,0,0,1,0,0,1,0,0,0,1,1,0,0
Okhaldhunga,5,Asthma,107,32,84,140,28,57,8,0,0,0,1,0,0,0,1,0,0,1,0,0,0,1,1,0,0
Okhaldhunga,6,COPD,154,34,78,196,28,55,2,0,0,0,1,0,0,0,0,1,0,1,0,0,0,1,0,0,1
Okhaldhunga,7,COPD,244,50,65,195,16,48,14,0,0,0,1,0,0,0,0,1,0,1,0,0,0,1,0,0,1
Okhaldhunga,8,Asthma,129,61,78,145,19,53,11,0,0,0,1,0,0,0,1,0,0,1,0,0,0,1,1,0,0
Okhaldhunga,9,Asthma,129,61,70,104,28,63,7,0,0,0,1,0,0,0,1,0,0,1,0,0,0,1,1,0,0
Okhaldhunga,10,Asthma,123,59,75,64,29,58,15,0,0,0,1,0,0,0,1,0,0,1,0,0,0,1,1,0,0
Okhaldhunga,11,COPD,170,68,99,153,28,54,0,0,0,0,1,0,0,0,0,1,0,1,0,0,0,1,0,0,1
Okhaldhunga,12,COPD,187,51,86,196,19,55,3,0,0,0,1,0,0,0,0,1,0,1,0,0,0,1,0,0,1
Solukhumbu,1,Asthma,204,47,61,117,27,52,12,0,0,0,1,0,0,0,1,0,0,1,0,0,0,1,1,0,0
Solukhumbu,2,COPD,293,70,100,181,26,66,14,0,0,0,1,0,0,0,0,1,0,1,0,0,0,1,0,0,1
Solukhumbu,3,COPD,170,76,65,92,18,43,2,0,0,0,1,0,0,0,0,1,0,1,0,0,0,1,0,0,1
Solukhumbu,4,COPD,224,74,59,59,27,77,15,0,0,0,1,0,0,0,0,1,0,1,0,0,0,1,0,0,1
Solukhumbu,5,Asthma,133,48,88,149,25,51,9,0,0,0,1,0,0,0,1,0,0,1,0,0,0,1,1,0,0
Solukhumbu,6,Asthma,119,59,52,55,25,44,8,0,0,0,1,0,0,0,1,0,0,1,0,0,0,1,1,0,0
Solukhumbu,7,COPD,199,77,53,150,25,61,1,0,0,0,1,0,0,0,0,1,0,1,0,0,0,1,0,0,1
Solukhumbu,8,Asthma,205,32,57,117,17,69,10,0,0,0,1,0,0,0,1,0,0,1,0,0,0,1,1,0,0
Solukhumbu,9,COPD,258,44,97,155,23,58,14,0,0,0,1,0,0,0,0,1,0,1,0,0,0,1,0,0,1
Solukhumbu,10,Asthma,129,51,100,109,26,53,14,0,0,0,1,0,0,0,1,0,0,1,0,0,0,1,1,0,0
Solukhumbu,11,Pneumonia,141,41,99,72,24,79,9,0,0,0,0,1,0,1,0,0,0,0,1,0,1,0,1,0,0
Solukhumbu,12,Asthma,179,58,53,97,28,53,9,0,0,0,1,0,0,0,1,0,0,1,0,0,0,1,1,0,0
Sankhuwasabha,1,Pneumonia,143,30,95,59,30,58,3,0,0,0,0,1,0,1,0,0,0,0,1,0,1,0,1,0,0
Sankhuwasabha,2,COPD,160,80,84,101,26,70,4,0,0,0,1,0,0,0,0,1,0,1,0,0,0,1,0,0,1
Sankhuwasabha,3,Pneumonia,88,40,84,61,29,48,11,0,0,0,0,1,0,1,0,0,0,0,1,0,1,0,1,0,0
Sankhuwasabha,4,COPD,226,76,70,144,17,55,7,0,0,0,1,0,0,0,0,1,0,1,0,0,0,1,0,0,1
Sankhuwasabha,5,COPD,260,48,65,184,20,60,6,0,0,0,1,0,0,0,0,1,0,1,0,0,0,1,0,0,1
Sankhuwasabha,6,COPD,177,80,93,69,18,62,3,0,0,0,1,0,0,0,0,1,0,1,0,0,0,1,0,0,1
Sankhuwasabha,7,Asthma,210,35,89,148,26,56,8,0,0,0,1,0,0,0,1,0,0,1,0,0,0,1,1,0,0
Sankhuwasabha,8,COPD,216,34,57,171,15,57,12,0,0,0,1,0,0,0,0,1,0,1,0,0,0,1,0,0,1
Sankhuwasabha,9,COPD,194,36,81,189,21,48,14,0,0,0,1,0,0,0,0,1,0,1,0,0,0,1,0,0,1
Sankhuwasabha,10,COPD,225,65,62,171,28,52,11,0,0,0,1,0,0,0,0,1,0,1,0,0,0,1,0,0,1
Sankhuwasabha,11,COPD,270,51,63,183,29,47,8,0,0,0,1,0,0,0,0,1,0,1,0,0,0,1,0,0,1
Sankhuwasabha,12,Pneumonia,56,40,88,52,19,61,2,0,0,0,0,1,0,1,0,0,0,0,1,0,1,0,1,0,0
Taplejung,1,Asthma,242,53,74,57,26,43,12,0,0,0,1,0,0,0,1,0,0,1,0,0,0,1,1,0,0
Taplejung,2,Pneumonia,80,45,100,56,20,74,0,0,0,0,0,1,0,1,0,0,0,0,1,0,1,0,1,0,0
Taplejung,3,Asthma,102,39,96,108,19,57,5,0,0,0,1,0,0,0,1,0,0,1,0,0,0,1,1,0,0
Taplejung,4,COPD,206,30,60,162,24,77,15,0,0,0,1,0,0,0,0,1,0,1,0,0,0,1,0,0,1
Taplejung,5,Asthma,187,63,61,77,15,61,10,0,0,0,1,0,0,0,1,0,0,1,0,0,0,1,1,0,0
Taplejung,6,COPD,254,68,83,157,30,76,15,0,0,0,1,0,0,0,0,1,0,1,0,0,0,1,0,0,1
Taplejung,7,COPD,287,78,65,153,17,58,6,0,0,0,1,0,0,0,0,1,0,1,0,0,0,1,0,0,1
Taplejung,8,Asthma,106,53,64,63,15,59,0,0,0,0,1,0,0,0,1,0,0,1,0,0,0,1,1,0,0
Taplejung,9,COPD,172,41,65,199,27,44,1,0,0,0,1,0,0,0,0,1,0,1,0,0,0,1,0,0,1
Taplejung,10,Asthma,146,56,53,112,22,45,6,0,0,0,1,0,0,0,1,0,0,1,0,0,0,1,1,0,0
Taplejung,11,COPD,167,72,75,170,26,75,9,0,0,0,1,0,0,0,0,1,0,1,0,0,0,1,0,0,1
Taplejung,12,Asthma,112,51,79,80,16,47,11,0,0,0,1,0,0,0,1,0,0,1,0,0,0,1,1,0,0
Gorkha,1,Asthma,139,68,55,89,29,55,9,0,0,0,1,0,0,0,1,0,0,1,0,0,0,1,1,0,0
Gorkha,2,Pneumonia,118,32,84,58,26,46,4,0,0,0,0,1,0,1,0,0,0,0,1,0,1,0,1,0,0
Gorkha,3,COPD,180,67,91,162,21,48,11,0,0,0,1,0,0,0,0,1,0,1,0,0,0,1,0,0,1
Gorkha,4,COPD,199,54,66,156,19,74,3,0,0,0,1,0,0,0,0,1,0,1,0,0,0,1,0,0,1
Gorkha,5,Asthma,235,53,86,132,25,77,1,0,0,0,1,0,0,0,1,0,0,1,0,0,0,1,1,0,0
Gorkha,6,Asthma,141,63,92,65,27,70,15,0,0,0,1,0,0,0,1,0,0,1,0,0,0,1,1,0,0
Gorkha,7,Asthma,129,50,96,121,23,52,5,0,0,0,1,0,0,0,1,0,0,1,0,0,0,1,1,0,0
Gorkha,8,COPD,294,67,86,171,24,75,4,0,0,0,1,0,0,0,0,1,0,1,0,0,0,1,0,0,1
Gorkha,9,COPD,180,64,74,183,27,56,9,0,0,0,1,0,0,0,0,1,0,1,0,0,0,1,0,0,1
Gorkha,10,COPD,286,49,71,156,29,68,3,0,0,0,1,0,0,0,0,1,0,1,0,0,0,1,0,0,1
Gorkha,11,Asthma,240,69,100,118,21,64,9,0,0,0,1,0,0,0,1,0,0,1,0,0,0,1,1,0,0
Gorkha,12,Asthma,108,37,69,142,26,56,12,0,0,0,1,0,0,0,1,0,0,1,0,0,0,1,1,0,0
Nuwakot,1,COPD,162,56,100,181,23,51,7,0,0,0,1,0,0,0,0,1,0,1,0,0,0,1,0,0,1
Nuwakot,2,COPD,214,33,93,182,21,51,3,0,0,0,1,0,0,0,0,1,0,1,0,0,0,1,0,0,1
Nuwakot,3,COPD,229,67,79,180,23,66,11,0,0,0,1,0,0,0,0,1,0,1,0,0,0,1,0,0,1
Nuwakot,4,COPD,154,60,80,175,23,67,3,0,0,0,1,0,0,0,0,1,0,1,0,0,0,1,0,0,1
Nuwakot,5,COPD,151,77,57,154,18,61,2,0,0,0,1,0,0,0,0,1,0,1,0,0,0,1,0,0,1
Nuwakot,6,COPD,193,51,92,169,18,45,5,0,0,0,1,0,0,0,0,1,0,1,0,0,0,1,0,0,1
Nuwakot,7,Pneumonia,127,41,88,76,25,63,8,0,0,0,0,1,0,1,0,0,0,0,1,0,1,0,1,0,0
Nuwakot,8,COPD,295,73,89,156,26,71,2,0,0,0,1,0,0,0,0,1,0,1,0,0,0,1,0,0,1
Nuwakot,9,Pneumonia,72,30,75,87,20,45,6,0,0,0,0,1,0,1,0,0,0,0,1,0,1,0,1,0,0
Nuwakot,10,Asthma,211,68,64,114,24,51,10,0,0,0,1,0,0,0,1,0,0,1,0,0,0,1,1,0,0
Nuwakot,11,Asthma,139,46,69,133,16,41,6,0,0,0,1,0,0,0,1,0,0,1,0,0,0,1,1,0,0
Nuwakot,12,COPD,226,75,94,124,18,78,12,0,0,0,1,0,0,0,0,1,0,1,0,0,0,1,0,0,1
Sindhupalchowk,1,COPD,272,80,68,61,20,52,1,0,0,0,1,0,0,0,0,1,0,1,0,0,0,1,0,0,1
Sindhupalchowk,2,Pneumonia,130,50,58,93,15,80,12,0,0,0,0,1,0,1,0,0,0,0,1,0,1,0,1,0,0
Sindhupalchowk,3,Tuberculosis,42,37,87,82,21,47,10,1,0,1,0,0,1,0,0,0,1,0,0,1,0,0,0,0,0
Sindhupalchowk,4,COPD,160,68,85,175,27,79,10,0,0,0,1,0,0,0,0,1,0,1,0,0,0,1,0,0,1
Sindhupalchowk,5,COPD,289,56,63,152,26,59,6,0,0,0,1,0,0,0,0,1,0,1,0,0,0,1,0,0,1
Sindhupalchowk,6,Pneumonia,101,45,77,71,15,80,7,0,0,0,0,1,0,1,0,0,0,0,1,0,1,0,1,0,0
Sindhupalchowk,7,COPD,76,32,81,63,24,42,2,0,0,0,1,0,0,0,0,1,0,1,0,0,0,1,0,0,1
Sindhupalchowk,8,COPD,206,78,92,153,18,44,9,0,0,0,1,0,0,0,0,1,0,1,0,0,0,1,0,0,1
Sindhupalchowk,9,COPD,236,61,61,191,28,71,3,0,0,0,1,0,0,0,0,1,0,1,0,0,0,1,0,0,1
Sindhupalchowk,10,Asthma,210,55,64,109,17,70,12,0,0,0,1,0,0,0,1,0,0,1,0,0,0,1,1,0,0
Sindhupalchowk,11,COPD,205,43,63,185,22,48,13,0,0,0,1,0,0,0,0,1,0,1,0,0,0,1,0,0,1
Sindhupalchowk,12,Pneumonia,65,40,88,74,24,70,5,0,0,0,0,1,0,1,0,0,0,0,1,0,1,0,1,0,0
Baglung,1,COPD,275,30,86,169,22,49,12,0,0,0,1,0,0,0,0,1,0,1,0,0,0,1,0,0,1
Baglung,2,COPD,230,66,77,177,22,48,12,0,0,0,1,0,0,0,0,1,0,1,0,0,0,1,0,0,1
Baglung,3,COPD,209,71,69,138,18,76,2,0,0,0,1,0,0,0,0,1,0,1,0,0,0,1,0,0,1
Baglung,4,COPD,226,43,72,176,19,69,14,0,0,0,1,0,0,0,0,1,0,1,0,0,0,1,0,0,1
Baglung,5,COPD,196,73,60,84,25,42,13,0,0,0,1,0,0,0,0,1,0,1,0,0,0,1,0,0,1
Baglung,6,Asthma,192,49,50,149,22,52,7,0,0,0,1,0,0,0,1,0,0,1,0,0,0,1,1,0,0
Baglung,7,COPD,208,74,67,122,17,50,12,0,0,0,1,0,0,0,0,1,0,1,0,0,0,1,0,0,1
Baglung,8,Asthma,203,61,79,91,18,60,0,0,0,0,1,0,0,0,1,0,0,1,0,0,0,1,1,0,0
Baglung,9,Asthma,243,69,64,110,23,75,7,0,0,0,1,0,0,0,1,0,0,1,0,0,0,1,1,0,0
Baglung,10,Asthma,113,69,63,90,29,79,14,0,0,0,1,0,0,0,1,0,0,1,0,0,0,1,1,0,0
Baglung,11,COPD,277,55,87,185,15,41,6,0,0,0,1,0,0,0,0,1,0,1,0,0,0,1,0,0,1
Baglung,12,Asthma,179,68,76,104,20,57,10,0,0,0,1,0,0,0,1,0,0,1,0,0,0,1,1,0,0
